采集时间,采集地点,Temperature,Rainfall,Soil_pH,Soil_Moisture,Fertilizer_Used,Yield
2013-07-15,湖南省长沙市长沙县春华镇,27.483570765056164,825.4348593931876,7.910213804814408,49.65865089199399,109.62568007943592,3.0421
2013-10-15,湖南省长沙市长沙县春华镇,22.688623556474788,1183.4988410956148,8.511593690347514,70.66106324517307,127.13173819959488,2.725
2013-07-15,湖南省长沙市长沙县春华镇,25.48060388470492,693.4854066883545,6.266487542415102,87.39375557106763,209.31652760995047,3.8782
2014-07-15,湖南省长沙市长沙县春华镇,22.41977635891313,906.4904764272997,6.109268085591811,81.14092833213374,83.71351958150899,4.1994
2014-10-15,湖南省长沙市长沙县春华镇,29.691419029879988,1282.5167934071578,8.248575914058534,57.62761268428601,177.5033405974241,3.4036
2014-07-15,湖南省长沙市长沙县春华镇,25.148780697478728,654.0929319350562,8.511593690347514,63.50146887763104,30.0,2.7371
2015-07-15,湖南省长沙市长沙县春华镇,25.141591880652307,847.2343774882299,8.5,58.03685206365374,397.1155248141098,2.9141
2015-10-15,湖南省长沙市长沙县春华镇,22.82751886283842,403.7528678363128,6.338909622738327,58.213776257236816,186.22279443265177,3.6804
2015-07-15,湖南省长沙市长沙县春华镇,10.60633717147952,995.71661487307,6.678174084769434,71.7871162551244,245.3713821662317,2.4319
2016-07-15,湖南省长沙市长沙县春华镇,30.26576426666452,1117.6231489744428,7.814814644844281,67.88652943452074,151.40311287951047,3.1627
2016-10-15,湖南省长沙市长沙县春华镇,19.594717297958688,668.71752297291,5.035303126306056,98.8469314492641,210.4382614483957,3.1082
2016-07-15,湖南省长沙市长沙县春华镇,18.616257120898453,801.7500639996301,6.440801425591397,50.925792013371336,193.9290735632841,3.8285
2017-07-15,湖南省长沙市长沙县春华镇,26.357894185976868,996.3477470213612,5.053067930197142,67.90854434811519,83.92281060961032,3.5891
2017-10-15,湖南省长沙市长沙县春华镇,26.03843843581556,781.414176170571,8.448244325134777,58.87972091285182,112.50992289393103,2.9784
2017-07-15,湖南省长沙市长沙县春华镇,27.148091095662927,1010.554785647628,5.9024742983655445,49.7682426992756,96.8571720120186,0.748
2018-07-15,湖南省长沙市长沙县春华镇,24.802224230716725,860.6163848076939,6.492876387791664,20.0,98.13439767985682,3.385
2018-10-15,湖南省长沙市长沙县春华镇,23.4541393826568,1470.885095238796,5.125628595704752,64.1732559038166,234.0900207931295,3.5614
2018-07-15,湖南省长沙市长沙县春华镇,26.11066885816857,746.2550727009715,6.781918788126312,65.39199233155257,77.46846812275669,3.6759
2019-07-15,湖南省长沙市长沙县春华镇,36.12375057892537,419.5957377849871,6.327263174832996,48.951399202703264,116.04377214645568,2.6703
2019-10-15,湖南省长沙市长沙县春华镇,36.49449061809625,1043.0241955727556,6.6976493028995066,66.64883533269685,269.0222481287251,3.1633
2019-07-15,湖南省长沙市长沙县春华镇,32.0467372009279,1021.547249781902,5.34158682742721,61.45016232451434,70.5092531440356,3.1759
2020-07-15,湖南省长沙市长沙县春华镇,22.41355774949814,861.9939314295017,6.176520578123373,29.98048851189544,264.7612880614077,3.6014
2020-10-15,湖南省长沙市长沙县春华镇,30.32740187532676,1026.777557493138,7.187564351994137,20.0,148.05113784947432,3.151
2020-07-15,湖南省长沙市长沙县春华镇,25.41141994637712,1288.4448637270575,5.8086153848217785,70.60090685394809,130.6948377605875,3.9499
2021-07-15,湖南省长沙市长沙县春华镇,29.448153978117183,874.7035029093571,8.5,44.53493553248831,69.13744618143579,2.7348
2021-10-15,湖南省长沙市长沙县春华镇,26.335251329346296,674.2053364004836,5.589559289433177,54.66771602479784,282.85979655339577,3.4866
2021-07-15,湖南省长沙市长沙县春华镇,17.57219813481514,865.6977570001977,6.252286157497046,78.918642018817,56.9077547419124,3.6508
2022-07-15,湖南省长沙市长沙县春华镇,30.15922269734317,605.8053775009888,5.700370175832961,45.98093233811056,159.151552973857,3.0278
2022-10-15,湖南省长沙市长沙县春华镇,25.982773882557872,889.9323691164693,6.624546802023854,81.4059674901793,115.36627645736574,3.8864
2022-07-15,湖南省长沙市长沙县春华镇,32.23488942176866,1155.2517582980436,5.425035372274182,51.286501648197394,178.6884345333485,2.8969
2023-07-15,湖南省长沙市长沙县春华镇,22.801344708629124,2058.213742564209,7.056735838835936,90.1069956057695,114.32977824305956,3.5316
2023-10-15,湖南省长沙市长沙县春华镇,24.065641779193204,872.9733709566882,8.5,95.80882479553348,110.49703692357328,2.7166
2023-07-15,湖南省长沙市长沙县春华镇,20.52696348890248,661.0497160781626,6.36640220667223,24.449474208215044,242.2530791420606,3.154
2013-07-15,湖南省长沙市长沙县春华镇,10.60633717147952,1371.7824045372697,6.86709584173386,76.57857297142469,145.45973564057618,2.9083
2013-10-15,湖南省长沙市长沙县春华镇,16.69519533242004,794.4522234820855,6.104784998215949,82.64572985198431,177.23431376648082,3.1343
2013-07-15,湖南省长沙市长沙县春华镇,24.649171442706766,1142.2566486864966,7.1001189507966105,96.02490532855458,44.66966467772235,3.211
2014-07-15,湖南省长沙市长沙县春华镇,27.295900396142184,392.66273142263697,7.700758961536906,93.49255464154488,169.94233999343908,2.6059
2014-10-15,湖南省长沙市长沙县春华镇,29.16961077274452,200.0,6.192941681091288,40.5355953987614,102.805674506529,3.0442
2014-07-15,湖南省长沙市长沙县春华镇,24.82505754751519,223.9469233238728,5.246542386774875,73.04536154402597,43.23366447459415,3.09
2015-07-15,湖南省长沙市长沙县春华镇,21.48411787437056,945.247735679886,7.648445956533724,36.86045075792023,95.65216719773116,3.701
2015-10-15,湖南省长沙市长沙县春华镇,30.74636663142838,871.8766642172507,5.624276414500145,60.439885463805645,199.8298880391571,3.7229
2015-07-15,湖南省长沙市长沙县春华镇,24.51970050137675,223.9469233238728,5.830196641924139,100.0,397.1155248141098,2.604
2016-07-15,湖南省长沙市长沙县春华镇,37.800422691343975,729.1291605506249,5.766734906513646,79.06280394472098,186.8076099403102,3.1904
2016-10-15,湖南省长沙市长沙县春华镇,25.610049073226808,223.9469233238728,8.331622284658387,58.3484124030025,97.8739473256254,3.0941
2016-07-15,湖南省长沙市长沙县春华镇,22.12181086881113,742.7547783636965,5.336142282240175,47.27919506043246,114.10323994812912,3.0647
2017-07-15,湖南省长沙市长沙县春华镇,28.50154939704496,779.62557873124,5.022985137185572,24.44645456658303,206.62293034536265,3.2155
2017-10-15,湖南省长沙市长沙县春华镇,20.708211099093933,851.6552276720472,8.229885398683445,78.86435203317409,167.23635084164562,2.9537
2017-07-15,湖南省长沙市长沙县春华镇,25.92418061847437,991.5352805493694,6.728663028136719,70.89438505804603,119.39616299423506,3.7472
2018-07-15,湖南省长沙市长沙县春华镇,27.46658950440445,2058.213742564209,7.426481875105217,60.11943295657731,117.00451005213928,3.6095
2018-10-15,湖南省长沙市长沙县春华镇,38.0,742.8414897008968,6.184899663981314,46.790265929369575,155.57613916097867,3.0001
2018-07-15,湖南省长沙市长沙县春华镇,20.25300555584029,796.0481034433019,7.874784098970229,85.74362811298101,146.1136644121274,3.1365
2019-07-15,湖南省长沙市长沙县春华镇,30.2682089830392,1112.5556431244086,6.391595207125217,77.31934012093676,167.708458760245,3.7664
2019-10-15,湖南省长沙市长沙县春华镇,10.60633717147952,980.73982871027,7.845381247627721,28.406363695838344,115.30727410681476,5.0918
2019-07-15,湖南省长沙市长沙县春华镇,33.85400317817755,679.7793292437827,6.522450412277661,91.4199157908142,118.01975509041996,3.2308
2020-07-15,湖南省长沙市长沙县春华镇,23.185807197801704,476.6377691093824,6.900691837085707,57.61362459683623,195.4306092661213,3.9725
2020-10-15,湖南省长沙市长沙县春华镇,21.86516471106116,738.6134746205395,6.234378178219462,67.16028241959002,104.01884344409903,3.8686
2020-07-15,湖南省长沙市长沙县春华镇,28.538759677277376,2058.213742564209,5.936317337668355,84.15987882960039,111.78928714377662,3.6152
2021-07-15,湖南省长沙市长沙县春华镇,30.403903627773108,1205.3407739783688,5.1841142576737615,74.82825512711054,282.5763345625427,2.8703
2021-10-15,湖南省长沙市长沙县春华镇,27.7989522396552,1255.0840369125935,7.139903400983533,90.37166471294938,189.9200720705325,0.8607
2021-07-15,湖南省长沙市长沙县春华镇,28.052928726419115,380.4441055804447,6.914594350540616,59.83908968777677,98.9291710531509,3.8122
2022-07-15,湖南省长沙市长沙县春华镇,26.900989255029817,353.91920824186474,5.143963554855265,86.30752544519206,161.2844014195064,2.8757
2022-10-15,湖南省长沙市长沙县春华镇,18.32327820644949,859.6707986450982,5.927318359840701,37.599467452711416,71.3070517260791,3.1066
2022-07-15,湖南省长沙市长沙县春华镇,25.888505004666268,1116.3780548681175,7.17169818382126,73.7715858184201,135.80775699788788,3.9049
2023-07-15,湖南省长沙市长沙县春华镇,28.103360487753392,478.4075251177462,6.088528825862039,40.7967899403823,233.965075599233,3.5348
2023-10-15,湖南省长沙市长沙县春华镇,24.62783285449977,870.1241529268731,8.167382342938616,89.54547644162525,102.26069197045156,3.5884
2023-07-15,湖南省长沙市长沙县春华镇,23.762406822242475,1150.9402857765651,5.913327225694791,57.83841107641362,180.6360414246188,3.7291
2013-07-15,湖南省长沙市长沙县春华镇,21.36431412087565,1065.2726917321434,8.154754358850543,63.67102049381088,148.5522533727016,2.9276
2013-10-15,湖南省长沙市长沙县春华镇,17.148876400547717,619.1942456516633,6.508763484885368,88.63780085117787,161.69730554473125,3.6111
2013-07-15,湖南省长沙市长沙县春华镇,28.10904981108598,858.0708197760733,3.5920957146475483,84.94531135317746,159.45807350645663,2.9208
2014-07-15,湖南省长沙市长沙县春华镇,29.86277224813365,223.9469233238728,8.5,24.449474208215044,159.02846992643407,2.4238
2014-10-15,湖南省长沙市长沙县春华镇,28.162038695277605,304.2898952888572,5.328783826622731,44.47838311608752,132.71098425464902,3.0118
2014-07-15,湖南省长沙市长沙县春华镇,22.18766612052866,997.9163598969182,6.915272579113274,95.9778532355076,194.4610170801869,3.3203
2015-07-15,湖南省长沙市长沙县春华镇,34.062242789984644,801.4439922130355,7.536515583504435,46.86702909691415,145.272695995182,2.8192
2015-10-15,湖南省长沙市长沙县春华镇,18.24157697191833,1068.5026004180363,6.5100179234994044,20.0,165.6460090489838,2.9783
2015-07-15,湖南省长沙市长沙县春华镇,22.77248739299614,812.5168133647094,7.058626532754514,33.41127402564803,175.02571946539476,3.4921
2016-07-15,湖南省长沙市长沙县春华镇,32.89786072865356,1163.84629550956,5.265154286330909,72.82418654474787,184.2684745222844,3.6918
2016-10-15,湖南省长沙市长沙县春华镇,24.91788551963624,200.0,3.5920957146475483,39.21038825580625,130.75296828888006,2.2976
2016-07-15,湖南省长沙市长沙县春华镇,26.118939758194493,2058.213742564209,8.5,99.8188297319398,188.7677805614503,0.7624
2017-07-15,湖南省长沙市长沙县春华镇,22.411943504819146,1255.043860138962,4.466999264329953,29.69224825940052,24.09543193513789,2.6363
2017-10-15,湖南省长沙市长沙县春华镇,33.97278931758894,976.7418077083918,7.017520099157427,52.84352214768752,251.85742678256045,2.8034
2017-07-15,湖南省长沙市长沙县春华镇,24.83436513563101,476.2773499796071,6.698675857530083,54.91403968374753,188.312599036056,4.0761
2018-07-15,湖南省长沙市长沙县春华镇,21.345349800290403,806.284209657543,6.226499018200035,91.56332107914665,24.09543193513789,3.1449
2018-10-15,湖南省长沙市长沙县春华镇,30.94196636724042,1396.1392912010317,6.498094367011243,66.168989614113,24.09543193513789,3.2409
2018-07-15,湖南省长沙市长沙县春华镇,10.60633717147952,865.4226525958171,6.537626323845019,28.194672304088627,24.09543193513789,2.1553
2019-07-15,湖南省长沙市长沙县春华镇,24.11526386252975,638.0037092822929,8.373104424624781,24.449474208215044,178.80381707424624,0.7083
2019-10-15,湖南省长沙市长沙县春华镇,35.05102269383175,384.9639445794032,5.322388992188227,41.44477084017284,63.437112839837255,2.3224
2019-07-15,湖南省长沙市长沙县春华镇,28.29272136336415,540.812264949436,6.626412829433617,60.68425747343561,97.08235414396955,3.583
2020-07-15,湖南省长沙市长沙县春华镇,26.672283949935125,2058.213742564209,7.2692456395599745,70.38361840510319,123.25455241218908,3.7869
2020-10-15,湖南省长沙市长沙县春华镇,26.429326953624525,1263.713689297765,6.036760863077465,47.39976036618472,210.6227587969958,4.0203
2020-07-15,湖南省长沙市长沙县春华镇,23.06149220032008,788.7020169423678,5.944886263672288,59.79927499639111,162.71275072973305,3.7842
2021-07-15,湖南省长沙市长沙县春华镇,21.00851377730773,472.40735760015366,7.4780718672971,52.55459554212008,397.1155248141098,3.2931
2021-10-15,湖南省长沙市长沙县春华镇,37.63466212936811,1024.077040721318,6.534866882779146,83.2524064508088,108.96906597002544,3.0501
2021-07-15,湖南省长沙市长沙县春华镇,22.3456561353984,1386.9254759565351,8.496850218688852,73.43433866006194,149.45045768792068,3.2887
2022-07-15,湖南省长沙市长沙县春华镇,22.55280278740889,1127.2170758449502,6.411876158993305,63.80691376015617,153.64712235007818,3.5075
2022-10-15,湖南省长沙市长沙县春华镇,25.733568432166614,1088.5869858666135,6.628652947954217,60.49474715017293,219.78005818231824,3.7564
2022-07-15,湖南省长沙市长沙县春华镇,24.164409598415727,536.5189778979902,4.0,36.22559797886261,144.36578587721718,2.8683
2023-07-15,湖南省长沙市长沙县春华镇,28.24354943794821,1100.7952738963484,3.5920957146475483,100.0,278.89781182721754,2.4785
2023-10-15,湖南省长沙市长沙县春华镇,31.91079495518764,720.8763836454184,7.268333992290315,86.79073166153282,128.8527761017355,3.2459
2023-07-15,湖南省长沙市长沙县春华镇,36.12375057892537,1318.2448214092965,5.84889710298593,64.96571692661873,160.87523690070302,2.7588
2013-07-15,湖南省长沙市长沙县春华镇,30.333373447945768,828.2925736786897,6.693352779598315,80.34958689108261,206.57631719383403,3.7028
2013-10-15,湖南省长沙市长沙县春华镇,10.60633717147952,1203.40283603064,7.05642170545854,100.0,150.453610823648,2.5831
2013-07-15,湖南省长沙市长沙县春华镇,29.102410905986822,812.8796735643239,6.522102749849856,40.47641284374633,24.09543193513789,3.3356
2014-07-15,湖南省长沙市长沙县春华镇,30.543517902914537,200.0,6.857722769472241,95.9778532355076,105.46031922740568,2.939
2014-10-15,湖南省长沙市长沙县春华镇,27.953274153461543,930.1642552700696,5.415929515095771,78.63486817630283,70.2595417665931,3.4551
2014-07-15,湖南省长沙市长沙县春华镇,23.203539546064704,587.3644759260383,6.381491278285088,69.06718919997536,131.29944685408594,3.6671
2015-07-15,湖南省长沙市长沙县春华镇,27.919640926629818,912.0443563196482,6.634707468102804,49.25651860026007,123.89536550542104,3.5371
2015-10-15,湖南省长沙市长沙县春华镇,34.23353662868017,721.3111963430501,5.538115137794051,68.75600676085044,220.7306066415386,2.8214
2015-07-15,湖南省长沙市长沙县春华镇,28.40945744813156,861.5800680803254,6.906727469461114,48.80550328465432,154.87663005546412,3.9933
2016-07-15,湖南省长沙市长沙县春华镇,30.22080438534536,1187.1546256611678,8.08850729435363,30.96668283425168,265.5771512913236,2.6085
2016-10-15,湖南省长沙市长沙县春华镇,21.93605654757807,893.9149129739438,7.066306538733587,93.62304235523482,130.56546880704468,3.7785
2016-07-15,湖南省长沙市长沙县春华镇,33.97938836547761,769.6883669354231,7.047655771919192,67.0707630789835,86.68055048445243,3.0936
2017-07-15,湖南省长沙市长沙县春华镇,32.737526006650306,834.9314721990181,6.990079628251496,96.88355912408024,45.31437674368191,3.1933
2017-10-15,湖南省长沙市长沙县春华镇,17.42127942501384,1102.4005841735134,8.056307388480274,34.13098113628506,89.04027412991826,2.6848
2017-07-15,湖南省长沙市长沙县春华镇,28.37409746083302,996.9072351887872,5.756113934674416,94.43170165139789,134.2103236764104,3.3122
2018-07-15,湖南省长沙市长沙县春华镇,24.75268145173784,702.5502878992042,5.825657046428074,61.1339154710406,263.7089167265382,5.4385
2018-10-15,湖南省长沙市长沙县春华镇,23.93005577887245,498.2561988913672,7.630219771837481,91.92199589028516,122.9015346493832,3.1815
2018-07-15,湖南省长沙市长沙县春华镇,29.92161199238292,1291.0477070337347,7.397543570303795,58.94229512402013,300.32693432141366,3.8166
2019-07-15,湖南省长沙市长沙县春华镇,20.008229796306047,219.2703358366284,5.711328068848637,93.04018651838244,213.85024214046263,3.4707
2019-10-15,湖南省长沙市长沙县春华镇,32.75250246407038,553.9634839711372,5.3259258683910256,24.449474208215044,43.20749350750995,2.0008
2019-07-15,湖南省长沙市长沙县春华镇,26.1710736626826,898.811943675058,8.511593690347514,87.24201238442677,222.54061193405985,3.2719
2020-07-15,湖南省长沙市长沙县春华镇,24.826575563066093,666.7533927101686,7.532556812353597,24.449474208215044,182.127524844578,0.9337
2020-10-15,湖南省长沙市长沙县春华镇,21.16101217447936,847.1487049606454,7.231909906172366,36.942676855842905,194.47918901447483,3.3854
2020-07-15,湖南省长沙市长沙县春华镇,19.97929616623966,974.6501133440174,7.431269595995574,59.38995893176765,90.74862225438032,2.9681
2021-07-15,湖南省长沙市长沙县春华镇,10.60633717147952,1282.2922763348652,7.23160110215844,50.05088692083575,116.68361471920971,2.6514
2021-10-15,湖南省长沙市长沙县春华镇,18.277747444828613,1059.8959850786173,5.241975304771215,72.94794046918469,143.21049033263495,3.0566
2021-07-15,湖南省长沙市长沙县春华镇,23.591076955697464,609.0422830473193,6.702944050310111,88.13667562073978,91.736278253536,3.5342
2022-07-15,湖南省长沙市长沙县春华镇,22.899065914520712,619.0376311647135,5.576393037391208,64.67553764808117,225.9996751919048,3.4923
2022-10-15,湖南省长沙市长沙县春华镇,22.385699864233658,648.96933225164,7.457554719021885,76.63563541256725,106.590802654812,3.8781
2022-07-15,湖南省长沙市长沙县春华镇,19.386389892188507,1230.3400608038162,5.847786510069494,64.56286505115753,67.65541574632158,3.2334
2023-07-15,湖南省长沙市长沙县春华镇,32.2669223855885,1568.758297799755,4.0,48.64216315722989,90.92197877892268,2.5097
2023-10-15,湖南省长沙市长沙县春华镇,26.91204873092025,877.1391957255864,4.894905035956054,79.14462747608553,131.66205345559226,3.7109
2023-07-15,湖南省长沙市长沙县春华镇,27.462256320040744,709.5960650925347,5.252707354969846,61.131447428375886,99.70941106010812,2.9084
2013-07-15,湖南省长沙市长沙县春华镇,26.0146151042565,588.333772466525,6.407694606199226,59.60096206349672,120.30212694655796,3.7776
2013-10-15,湖南省长沙市长沙县路口镇,28.164659088777555,434.7811643032202,7.08824544595163,69.90077328630812,162.11994064543927,3.5757
2013-07-15,湖南省长沙市长沙县路口镇,22.238884778595143,777.1709694164122,6.376948409010101,59.2418784626416,135.98358234102807,3.516
2014-07-15,湖南省长沙市长沙县路口镇,27.35707778193202,1250.1714106888005,7.74331222484517,29.13847204175221,217.73084925296337,3.3434
2014-10-15,湖南省长沙市长沙县路口镇,20.83822213447885,2058.213742564209,6.101563840651221,70.07474593549667,111.94351699096116,3.5254
2014-07-15,湖南省长沙市长沙县路口镇,22.14626853125262,410.03171621110255,5.8744193623119605,44.84264173555739,227.3060173502033,3.5862
2015-07-15,湖南省长沙市长沙县路口镇,32.10252123994928,375.5072384371856,7.785385279014271,52.83012192537596,94.35761965824398,3.0308
2015-10-15,湖南省长沙市长沙县路口镇,30.94508265553776,975.6472231248848,7.459440532083089,88.12013338902254,163.90385652182354,3.2204
2015-07-15,湖南省长沙市长沙县路口镇,21.81306436346741,422.97159653130814,3.5920957146475483,68.17512101875086,124.06192885142754,2.6578
2016-07-15,湖南省长沙市长沙县路口镇,22.22261440419873,654.7851090838944,6.623661495151262,24.449474208215044,178.7775191730944,3.7421
2016-10-15,湖南省长沙市长沙县路口镇,21.88429736787618,676.5830509917528,6.016012883719121,100.0,164.26977244550017,3.4009
2016-07-15,湖南省长沙市长沙县路口镇,22.34501522499092,200.0,5.991437746724319,38.58215434987677,185.07737714920444,3.1343
2017-07-15,湖南省长沙市长沙县路口镇,21.81130007874342,1169.5953413808909,6.933472831642372,95.9778532355076,150.18360700431438,3.9262
2017-10-15,湖南省长沙市长沙县路口镇,37.27650069955448,788.5366917586036,6.770836515833954,90.77726850412604,24.09543193513789,2.4406
2017-07-15,湖南省长沙市长沙县路口镇,26.44584321953909,596.4543784924762,6.205901526194367,69.36777975088349,113.97968045961078,3.7687
2018-07-15,湖南省长沙市长沙县路口镇,25.83226104106528,441.8867037017515,3.5920957146475483,94.5022472861971,212.8922380605165,2.6264
2018-10-15,湖南省长沙市长沙县路口镇,31.032544832541785,869.778472468345,5.945926272766011,20.0,125.92744760731934,3.457
2018-07-15,湖南省长沙市长沙县路口镇,20.38383376944548,977.595405537366,6.64285101299208,67.58736013407638,86.52980288338594,3.5264
2019-07-15,湖南省长沙市长沙县路口镇,21.94241098504025,870.184235640362,6.3030093517856844,65.75149718671732,141.2111597563103,4.14
2019-10-15,湖南省长沙市长沙县路口镇,19.467370456291647,598.0859464618964,4.544305092679005,86.96969752103638,196.148146758602,2.5507
2019-07-15,湖南省长沙市长沙县路口镇,23.65555654722585,530.8860708064235,7.368509867119505,61.566526921504334,201.8354129977468,4.0877
2020-07-15,湖南省长沙市长沙县路口镇,30.632825147738785,740.4570454772733,5.456385589864363,90.48856853375165,98.9414951591061,3.4643
2020-10-15,湖南省长沙市长沙县路口镇,34.244780474726724,788.9559481465152,5.46928706873388,87.37789195861339,164.52424021727805,2.8402
2020-07-15,湖南省长沙市长沙县路口镇,28.48103182406709,200.0,6.455254415244017,61.24281197982561,311.89973015622525,3.3479
2021-07-15,湖南省长沙市长沙县路口镇,23.84532734895661,675.4995252994643,6.7291468344991126,59.82122406843219,95.8407384007308,3.7706
2021-10-15,湖南省长沙市长沙县路口镇,37.8667990162493,2058.213742564209,6.8142827550730365,72.15322733262178,138.73637858520698,2.8555
2021-07-15,湖南省长沙市长沙县路口镇,24.72852566741094,813.1620079486925,8.511593690347514,56.46391610129485,134.09610018668525,3.2007
2022-07-15,湖南省长沙市长沙县路口镇,23.63638215126165,257.3758953073243,7.0392804508806766,20.0,264.69636402379933,3.1516
2022-10-15,湖南省长沙市长沙县路口镇,23.77128467957028,879.8851191345891,7.966873290154687,60.07329437640304,64.54994398874405,3.5884
2022-07-15,湖南省长沙市长沙县路口镇,17.48428523440947,717.5303726343152,5.617034601553224,100.0,197.8854629196937,3.4372
2023-07-15,湖南省长沙市长沙县路口镇,23.702043243181976,696.3820535989859,6.971862338031007,92.8051065502398,199.8899320158997,3.7249
2023-10-15,湖南省长沙市长沙县路口镇,33.34510762644696,770.1859009620731,7.175509997679786,78.66424808002138,158.33136194585282,3.4292
2023-07-15,湖南省长沙市长沙县路口镇,23.32107650354936,1119.234255000414,5.263479663653328,54.74822406042982,106.70585505959824,3.3744
2013-07-15,湖南省长沙市长沙县路口镇,12.0,223.9469233238728,5.992266696770243,48.58242155180626,111.53010423618898,2.5079
2013-10-15,湖南省长沙市长沙县路口镇,25.29609217007244,623.5290621236951,6.312563024689139,66.29011945725144,397.1155248141098,3.4583
2013-07-15,湖南省长沙市长沙县路口镇,25.06964645956473,971.5634198535068,6.997154828353439,83.13088314219928,100.48248235014812,3.6473
2014-07-15,湖南省长沙市长沙县路口镇,24.879374564449986,575.3649234067951,6.205694990139799,66.44504096475832,24.09543193513789,3.58
2014-10-15,湖南省长沙市长沙县路口镇,23.28656202959825,760.8620392881905,7.846643431434481,46.943821460744005,211.88283151663984,3.0989
2014-07-15,湖南省长沙市长沙县路口镇,14.633048837959253,380.8526005345768,3.5920957146475483,51.70697804995875,192.74890586602828,2.1226
2015-07-15,湖南省长沙市长沙县路口镇,31.230425962488145,364.1612312334962,5.3564405402345,33.19716338639404,159.00813923737218,3.0287
2015-10-15,湖南省长沙市长沙县路口镇,30.45753425961231,1043.3429777329734,6.145821244464299,64.92391732658402,218.6038864289732,3.5937
2015-07-15,湖南省长沙市长沙县路口镇,12.0,2058.213742564209,7.858582869617829,26.16282681241188,137.08822058638918,1.5708
2016-07-15,湖南省长沙市长沙县路口镇,32.51996494291345,715.0197473481599,6.223510244413247,80.09917532283929,142.50470428058608,3.36
2016-10-15,湖南省长沙市长沙县路口镇,23.72511391289572,2058.213742564209,5.926660160784055,95.9778532355076,153.39063890793338,3.6912
2016-07-15,湖南省长沙市长沙县路口镇,25.532151138459483,628.5877335650264,5.909325438115148,36.55540700987586,135.39538184592553,3.6419
2017-07-15,湖南省长沙市长沙县路口镇,21.43577108661417,779.8978574169469,5.572078700548353,64.51202865527686,397.1155248141098,3.5915
2017-10-15,湖南省长沙市长沙县路口镇,22.282876144331176,802.3990698851798,6.880306842401544,90.35920974206178,249.77588683139027,3.0369
2017-07-15,湖南省长沙市长沙县路口镇,24.836233648920008,887.7954162201795,8.511593690347514,73.78905380915981,153.94731891893775,3.457
2018-07-15,湖南省长沙市长沙县路口镇,22.26570529379804,906.7931371879235,6.989083878150742,62.469622060921,248.48571766333887,3.6332
2018-10-15,湖南省长沙市长沙县路口镇,22.131689965598817,789.0212412312346,6.450795083826631,54.696582018159646,258.4578483402411,3.3512
2018-07-15,湖南省长沙市长沙县路口镇,24.278197940380288,2058.213742564209,5.757225155471291,36.23177666410882,70.56293494682623,3.2336
2019-07-15,湖南省长沙市长沙县路口镇,25.99042380383928,846.3825288562334,6.793274965260315,95.9778532355076,30.0,3.4887
2019-10-15,湖南省长沙市长沙县路口镇,18.52460613968192,1046.2277911943918,8.122174918869854,87.49553439971625,121.20212143726746,2.9501
2019-07-15,湖南省长沙市长沙县路口镇,18.55019550129473,1115.328536209799,6.503880616680407,82.96719136693972,237.23041422731308,3.8528
2020-07-15,湖南省长沙市长沙县路口镇,25.36658983594202,973.1077480005358,6.12657030498382,35.016375960846034,211.9594509973208,3.5975
2020-10-15,湖南省长沙市长沙县路口镇,29.115852919809573,904.9437027646592,6.039167660203237,25.360710285225736,138.7663607095872,3.2026
2020-07-15,湖南省长沙市长沙县路口镇,25.546973973024464,2058.213742564209,5.353599693282216,67.78057373906252,98.14288428356784,3.8756
2021-07-15,湖南省长沙市长沙县路口镇,25.646105909876137,212.46753735960863,5.695240653381261,24.449474208215044,196.88983436763792,2.891
2021-10-15,湖南省长沙市长沙县路口镇,37.228759898084135,959.0573922028736,6.883082157044819,78.81821914784385,297.5923191017628,2.6032
2021-07-15,湖南省长沙市长沙县路口镇,19.37255476350812,994.4265093981228,6.157034833843346,66.68188776500394,172.682775625673,3.6074
2022-07-15,湖南省长沙市长沙县路口镇,26.399843131599106,572.8068458966118,5.630747644784083,62.7088114505496,82.56729569246436,3.883
2022-10-15,湖南省长沙市长沙县路口镇,24.722076645447725,1315.9538633307757,7.129980840347534,59.22849765691798,126.68590677052782,3.9624
2022-07-15,湖南省长沙市长沙县路口镇,28.27182828177029,545.9263015049063,5.442602142256103,56.13473070364194,118.07136658961387,2.7756
2023-07-15,湖南省长沙市长沙县路口镇,32.480221557445915,909.9697271579366,7.020379725885119,37.83650157044813,213.4680604525151,3.1621
2023-10-15,湖南省长沙市长沙县路口镇,16.106398755478608,960.9133557805112,8.057376817403576,91.36394134468053,61.4005665889168,2.6893
2023-07-15,湖南省长沙市长沙县路口镇,18.77672648344292,866.7302410909783,7.898591004626105,67.22258750593024,197.5626610640199,3.0639
2013-07-15,湖南省长沙市长沙县路口镇,21.13105400448213,788.2987398144039,7.247072843846553,92.84077503174184,104.95677993043122,3.0855
2013-10-15,湖南省长沙市长沙县路口镇,34.38397906279033,1266.8148318431172,4.791345752857375,77.38065893177065,85.93664537768728,3.0181
2013-07-15,湖南省长沙市长沙县路口镇,36.12375057892537,934.606930501672,7.594671636380276,54.66306233652343,200.1890482778965,2.7007
2014-07-15,湖南省长沙市长沙县路口镇,31.77818929402476,432.26965497271937,7.492929769295528,36.74548482198888,138.27390920863417,2.9527
2014-10-15,湖南省长沙市长沙县路口镇,29.3480296005283,539.983107611464,5.961538539377458,55.1687612196214,30.0,3.0362
2014-07-15,湖南省长沙市长沙县路口镇,28.62883311949346,816.9885355436511,3.5920957146475483,64.09754219351896,218.1372351294885,3.1184
2015-07-15,湖南省长沙市长沙县路口镇,23.142795670021044,681.4083567680761,5.238788148147691,81.18529396483972,173.291147739284,3.384
2015-10-15,湖南省长沙市长沙县路口镇,10.60633717147952,839.9453634272858,8.367224204312315,46.482201922177,130.99922724394503,2.2293
2015-07-15,湖南省长沙市长沙县路口镇,21.04762772277344,1027.2988618819927,7.2071861850500945,62.12680940205764,198.40058412986176,3.4522
2016-07-15,湖南省长沙市长沙县路口镇,16.725716640671152,517.8065307077258,6.488276496790807,34.101281556931994,172.63579556053358,3.7035
2016-10-15,湖南省长沙市长沙县路口镇,19.93947812369916,1017.8010297703004,7.363946637269869,24.449474208215044,268.44472126470146,3.3034
2016-07-15,湖南省长沙市长沙县路口镇,22.8655946502629,732.9948377348793,5.8461200863479,60.29452180055122,211.64876060116148,3.5188
2017-07-15,湖南省长沙市长沙县路口镇,24.20996050710505,1081.217344783936,5.966145070607966,23.45760292452252,202.9438253873988,3.2456
2017-10-15,湖南省长沙市长沙县路口镇,32.64775159730307,1059.163946500651,5.682071990312393,79.68953490002436,281.4250200713054,3.9739
2017-07-15,湖南省长沙市长沙县路口镇,16.537676851425903,925.6594242226942,7.020487844774232,37.92490650580483,198.29600344393955,3.0745
2018-07-15,湖南省长沙市长沙县路口镇,30.470957592354743,1200.3050977847895,6.03862778525321,44.2401729002154,282.6413835609459,3.5823
2018-10-15,湖南省长沙市长沙县路口镇,25.278624561443472,961.1946972632612,6.578902831144564,100.0,144.69760274841624,3.8195
2018-07-15,湖南省长沙市长沙县路口镇,24.37106539950176,1132.6365147426095,6.419051793756156,50.58059783060207,35.62580279463717,3.6294
2019-07-15,湖南省长沙市长沙县路口镇,20.05197589870709,1024.7269532759208,6.699485299442913,41.61038741593967,111.98462907037124,3.1523
2019-10-15,湖南省长沙市长沙县路口镇,22.44392161784408,223.9469233238728,5.131636907945978,90.45429467942527,88.57464313752897,3.1439
2019-07-15,湖南省长沙市长沙县路口镇,32.965933133196984,494.799902973568,7.398617839598647,56.3540964178534,159.09943632870105,3.5201
2020-07-15,湖南省长沙市长沙县路口镇,31.727100230774887,786.5136239682851,6.949900229409393,66.51347081226773,206.66311337012337,3.4704
2020-10-15,湖南省长沙市长沙县路口镇,34.41012248237517,906.3852704053832,7.137719497181916,65.63518913162902,89.75522202269835,2.9785
2020-07-15,湖南省长沙市长沙县路口镇,27.35734178567997,797.7453907187665,7.479185435589733,61.69838869993908,30.0,3.2889
2021-07-15,湖南省长沙市长沙县路口镇,26.119420121395656,890.4261546550301,7.743234330479463,62.72666621837129,232.46909888565355,3.6439
2021-10-15,湖南省长沙市长沙县路口镇,17.96669451575889,685.1964687344396,5.889218054914129,58.70618342423815,210.3846624015933,3.0556
2021-07-15,湖南省长沙市长沙县路口镇,17.962441526410892,745.0418245334224,8.47281075471809,67.33660348344368,91.78372044550568,2.5866
2022-07-15,湖南省长沙市长沙县路口镇,19.447120772670857,894.7207696632071,7.533890789068391,82.60131925914685,158.9268380884383,3.5645
2022-10-15,湖南省长沙市长沙县路口镇,22.3012015984532,753.0478907493882,6.051196198837219,59.543109073197385,397.1155248141098,3.8228
2022-07-15,湖南省长沙市长沙县路口镇,26.737908526808354,948.9994202682124,6.001234812806368,71.71936346881154,397.1155248141098,3.637
2023-07-15,湖南省长沙市长沙县路口镇,25.092169665326967,223.9469233238728,6.215241371509982,20.0,114.64477615229596,3.1125
2023-10-15,湖南省长沙市长沙县路口镇,24.080083318236603,711.8458890958682,5.650670514170592,55.774658990033856,172.22041603973074,4.0062
2023-07-15,湖南省长沙市长沙县路口镇,25.854327190639708,270.5238847565471,5.993397191724185,49.679095951992,247.80779789246463,3.4611
2013-07-15,湖南省长沙市长沙县路口镇,28.716320470113576,834.3040673911066,6.819592649795005,47.03945547351083,62.50721317087498,3.4467
2013-10-15,湖南省长沙市长沙县路口镇,21.10847637298844,1192.4947492674307,7.665327417802161,84.40350165135717,142.96967970153747,3.4699
2013-07-15,湖南省长沙市长沙县路口镇,18.25907288947144,1189.226426386911,6.105527306571979,80.68292832706997,157.40575090221893,3.5889
2014-07-15,湖南省长沙市长沙县路口镇,26.53900884446029,556.0963634838882,6.50593816941515,37.33318446056779,155.5576552769354,3.3792
2014-10-15,湖南省长沙市长沙县路口镇,24.715271881394663,959.5971822835412,6.57775991999108,62.43473039032338,168.38085203592135,4.1338
2014-07-15,湖南省长沙市长沙县路口镇,10.60633717147952,1456.4170277865885,6.722235636630524,27.00659438282237,156.10730002243966,3.023
2015-07-15,湖南省长沙市长沙县路口镇,25.75150880730939,223.9469233238728,5.656598451542963,75.55678699831174,163.84270494449777,3.3735
2015-10-15,湖南省长沙市长沙县路口镇,25.5711382433102,1265.3465133787113,5.813663153065175,75.10674295294697,198.57945180889448,3.8516
2015-07-15,湖南省长沙市长沙县路口镇,30.516509410082605,781.7805768843521,6.93429607599536,59.37671915070885,94.30404968064023,3.457
2016-07-15,湖南省长沙市长沙县路口镇,16.449158036716874,1020.1967682255698,7.358688511465626,83.03457394280548,224.5717537714989,3.3908
2016-10-15,湖南省长沙市长沙县路口镇,25.979226275488408,1021.791752249689,6.245896545964446,43.03181564074895,244.44880716194453,3.7841
2016-07-15,湖南省长沙市长沙县路口镇,20.10813611192484,1044.901746781503,5.837093327720135,52.617541035001366,129.24556315999033,3.5732
2017-07-15,湖南省长沙市长沙县路口镇,27.04126377857236,676.8095924057596,6.528078774047991,34.869494839217694,99.757152619052,3.3775
2017-10-15,湖南省长沙市长沙县路口镇,21.22308533823339,583.0653108083159,5.121196695414774,51.73127685561024,147.54494788829587,2.8691
2017-07-15,湖南省长沙市长沙县路口镇,25.93383382238539,1369.0214545989725,7.864081937465017,75.61366246020096,112.37443051366223,3.9732
2018-07-15,湖南省长沙市长沙县路口镇,21.371280934232672,831.139154328828,7.047302674776974,55.34032147854319,47.64245430655589,3.4131
2018-10-15,湖南省长沙市长沙县路口镇,27.58829510234561,2058.213742564209,5.730437618834876,48.00558157044608,273.1243986853161,3.7779
2018-07-15,湖南省长沙市长沙县路口镇,25.13045525105417,703.2305647694069,6.039224986268347,81.18225581462758,30.0,3.7947
2019-07-15,湖南省长沙市长沙县路口镇,21.87590711152161,223.9469233238728,8.276087280380064,40.84481214913296,231.14175275556903,2.1528
2019-10-15,湖南省长沙市长沙县路口镇,18.602115166321493,941.1544285282406,6.488339644111185,76.9820666372719,24.09543193513789,3.1472
2019-07-15,湖南省长沙市长沙县路口镇,15.795628843341774,911.8498975395896,7.72793734738533,61.63399153656714,187.5191000412902,2.9269
2020-07-15,湖南省长沙市长沙县路口镇,30.07185032509065,1133.359806995984,6.636671871162883,39.610694679743744,219.8994529538353,3.4192
2020-10-15,湖南省长沙市长沙县路口镇,33.32737222231288,933.6616539587015,7.225528373037985,57.38473192276391,164.03190606055483,3.0238
2020-07-15,湖南省长沙市长沙县路口镇,29.91345491972757,738.7720108953239,6.327855726291527,67.48351369489227,147.73877275546573,3.3677
2021-07-15,湖南省长沙市长沙县路口镇,36.12375057892537,1080.6176161394385,6.1613156759014025,51.03476302497215,190.5814228604945,2.7769
2021-10-15,湖南省长沙市长沙县路口镇,27.362987412065216,2058.213742564209,6.201593728076157,84.91947357692891,160.11908205661172,3.5042
2021-07-15,湖南省长沙市长沙县路口镇,30.14577818662822,290.01208379509364,5.313118770405929,41.36036007863562,205.5169135630099,2.6273
2022-07-15,湖南省长沙市长沙县路口镇,16.4870819788108,2058.213742564209,6.604227939128408,44.91418873011494,203.7477730941557,3.147
2022-10-15,湖南省长沙市长沙县路口镇,24.81182648787576,969.706123900817,6.255719060223466,38.09329025169517,24.09543193513789,3.276
2022-07-15,湖南省长沙市长沙县路口镇,26.99568057176036,475.4757538103479,4.892105193570931,58.47532591117281,137.64960840471937,3.1697
2023-07-15,湖南省长沙市长沙县路口镇,22.27540456595525,750.2686407195636,8.128938225643576,67.70380681974771,138.94265989003728,3.1469
2023-10-15,湖南省长沙市长沙县路口镇,24.51643444064804,1226.38489488575,5.283340787473149,95.9778532355076,30.0,3.101
2023-07-15,湖南省长沙市长沙县路口镇,30.79664901682124,1192.2452568630033,5.133552373105937,95.9778532355076,196.2278157412336,3.0011
2013-07-15,湖南省长沙市长沙县路口镇,23.1951691709046,430.5593754217375,8.023525312229038,28.92499031815008,175.72567553284583,3.374
2013-10-15,湖南省长沙市长沙县路口镇,27.2213165574302,1251.926516600474,6.586970217575358,63.03380305091248,116.59692612857025,4.0203
2013-07-15,湖南省长沙市宁乡市金洲镇,36.12375057892537,559.7057620046875,6.627092748842798,73.78972096017023,397.1155248141098,2.5254
2014-07-15,湖南省长沙市宁乡市金洲镇,10.60633717147952,1031.976296395115,6.638190636784015,68.63979765245595,227.0462817107339,2.6348
2014-10-15,湖南省长沙市宁乡市金洲镇,23.798373009209325,1137.888967797244,6.318108081486629,56.24525355191351,185.03298133704007,4.3341
2014-07-15,湖南省长沙市宁乡市金洲镇,28.56499215086194,891.3908889044152,7.294301131977006,71.12901725926682,168.96407218379707,3.9447
2015-07-15,湖南省长沙市宁乡市金洲镇,18.88936095554028,200.0,5.409103410027232,95.9778532355076,127.41464672470828,0.8804
2015-10-15,湖南省长沙市宁乡市金洲镇,27.44687280613959,200.0,7.6998754837806835,91.7393814711192,169.94261001117658,2.9349
2015-07-15,湖南省长沙市宁乡市金洲镇,22.37739866860113,1230.6307357518056,7.59048472490764,75.42898798119057,30.60322381073252,3.723
2016-07-15,湖南省长沙市宁乡市金洲镇,19.354741143913856,626.2842356158238,8.511593690347514,75.08541496076768,70.18642466151972,0.8928
2016-10-15,湖南省长沙市宁乡市金洲镇,28.60836032021617,831.1816502446698,7.717698144191415,57.6864583493896,305.01441960999404,3.0323
2016-07-15,湖南省长沙市宁乡市金洲镇,31.3577754749708,383.3325337480762,8.511593690347514,48.71978661416888,149.03675764508483,2.2831
2017-07-15,湖南省长沙市宁乡市金洲镇,29.678391965737305,1233.8583996486182,7.472617642707743,71.60227580941887,155.24348573520732,3.4722
2017-10-15,湖南省长沙市宁乡市金洲镇,33.76135221711812,891.6887691374463,7.967071635043315,36.32388352143171,139.72462171050392,2.3971
2017-07-15,湖南省长沙市宁乡市金洲镇,19.59468336200052,470.2315248925569,4.777656643130214,72.29122954710914,281.6069730173032,2.4025
2018-07-15,湖南省长沙市宁乡市金洲镇,21.110916562045624,995.348438195694,6.915176602323072,39.28817998487945,68.82804666215767,3.1438
2018-10-15,湖南省长沙市宁乡市金洲镇,28.07967803472132,694.4527482988335,4.566709928334427,51.39653047304098,207.34223826683203,3.3233
2018-07-15,湖南省长沙市宁乡市金洲镇,23.452267803430047,360.1376507311505,5.72656250813234,94.5175830100793,96.5738548234403,3.1746
2019-07-15,湖南省长沙市宁乡市金洲镇,26.05508733601309,1423.213998677373,7.19923058072014,35.368384568972644,24.09543193513789,3.4343
2019-10-15,湖南省长沙市宁乡市金洲镇,33.48228184145019,1058.136814526661,6.195077787642672,20.0,95.05469753198636,2.9146
2019-07-15,湖南省长沙市宁乡市金洲镇,14.59035296058139,1082.7705645608569,6.778298979127832,52.42659505938279,126.83863212775812,3.1766
2020-07-15,湖南省长沙市宁乡市金洲镇,33.77397090992182,431.4204452888574,3.5920957146475483,55.66851857594447,164.1625838294622,2.4632
2020-10-15,湖南省长沙市宁乡市金洲镇,18.597853237518585,916.88011843837,7.94985351977335,92.05601069793452,247.5858440765316,3.0037
2020-07-15,湖南省长沙市宁乡市金洲镇,28.0300497567282,271.8264217275191,7.372918347333287,95.01686060560758,172.97530260343578,3.2088
2021-07-15,湖南省长沙市宁乡市金洲镇,17.216854132380483,1210.8163017788884,3.5920957146475483,48.71203625107353,184.11867696076624,2.384
2021-10-15,湖南省长沙市宁乡市金洲镇,17.957693518182204,603.3263008011263,7.220772084838217,75.19378462449312,171.09974129844355,3.2962
2021-07-15,湖南省长沙市宁乡市金洲镇,21.478281547286205,1292.160071267711,6.732871307740251,53.98825865998587,202.65285320708523,3.905
2022-07-15,湖南省长沙市宁乡市金洲镇,30.245046129184445,1118.244105876617,6.262264922961616,67.75323881736092,123.845911854574,3.2591
2022-10-15,湖南省长沙市宁乡市金洲镇,22.386384897404803,562.062396449855,6.372537031782615,91.05180793572464,70.58102574946926,3.4247
2022-07-15,湖南省长沙市宁乡市金洲镇,24.075489317785056,1148.6602367122257,7.351477237555699,48.56370343157308,165.41984673514983,3.4221
2023-07-15,湖南省长沙市宁乡市金洲镇,29.620135096034502,841.1828407034868,5.61362485936002,42.259342337050256,189.3140177108256,3.5631
2023-10-15,湖南省长沙市宁乡市金洲镇,10.60633717147952,692.6168505796057,6.385282875875421,60.418379381565806,114.4378306225736,2.9499
2023-07-15,湖南省长沙市宁乡市金洲镇,26.63066511121059,1240.7070192622302,6.632186469514886,74.82891021788804,116.14260883685884,0.8058
2013-07-15,湖南省长沙市宁乡市金洲镇,27.96550628984192,223.9469233238728,7.569144263935914,39.31225927854972,146.59268424682338,3.0433
2013-10-15,湖南省长沙市宁乡市金洲镇,20.38917337911188,601.7773891894075,5.906675110370066,91.1214440774326,144.8197285051964,3.7387
2013-07-15,湖南省长沙市宁乡市金洲镇,10.60633717147952,734.0748512471814,6.882130504396635,68.8530306529605,192.575968763014,3.0753
2014-07-15,湖南省长沙市宁乡市金洲镇,23.0333059383632,723.686967258335,8.5,64.2167576911448,162.50951823453485,3.0393
2014-10-15,湖南省长沙市宁乡市金洲镇,24.30205185922413,316.978565775687,6.224610041181927,53.05042283951193,122.68969296277416,3.3196
2014-07-15,湖南省长沙市宁乡市金洲镇,35.44187352390364,822.776160277846,6.132682353331482,79.98565113758903,146.13974115725,3.4239
2015-07-15,湖南省长沙市宁乡市金洲镇,12.0,223.9469233238728,6.971352490827729,76.14275236806964,184.73458908414807,2.9544
2015-10-15,湖南省长沙市宁乡市金洲镇,29.99005054929826,223.9469233238728,7.469548066889097,47.641550744976925,78.74680999349759,2.6577
2015-07-15,湖南省长沙市宁乡市金洲镇,36.12375057892537,736.6174234549059,8.511593690347514,100.0,72.28448275997275,1.5956
2016-07-15,湖南省长沙市宁乡市金洲镇,29.58163837351241,961.6186928157526,8.5,100.0,208.2847414603416,2.7988
2016-10-15,湖南省长沙市宁乡市金洲镇,30.540914083687586,1109.560394760449,6.316130700183379,35.089169270035924,210.93767303966823,3.5555
2016-07-15,湖南省长沙市宁乡市金洲镇,15.00899657733946,1260.6687133746243,6.253114603431309,54.12786207813895,237.70302097542708,3.2389
2017-07-15,湖南省长沙市宁乡市金洲镇,24.59641709945709,553.258726145213,5.492750141544039,35.37708550756569,167.64492232759284,2.9063
2017-10-15,湖南省长沙市宁乡市金洲镇,28.663200386077897,471.93285623352926,5.997883820135955,25.70927923794151,120.16097121853984,3.2434
2017-07-15,湖南省长沙市宁乡市金洲镇,25.259729429036497,844.6915847981629,5.642432425853856,68.57058339440955,226.15534031391724,3.9048
2018-07-15,湖南省长沙市宁乡市金洲镇,28.6381477181849,992.1191554735032,6.425010380872779,36.52083775604787,110.6341658396615,4.0313
2018-10-15,湖南省长沙市宁乡市金洲镇,24.813888817450792,572.3443606887087,7.382113772075507,22.86221770747838,127.46946116163002,3.3807
2018-07-15,湖南省长沙市宁乡市金洲镇,24.64199370292968,757.397716091142,7.152823875519785,95.9778532355076,187.14499016328065,3.4036
2019-07-15,湖南省长沙市宁乡市金洲镇,25.393175951580453,1156.3157531499205,6.448939334885018,64.95262167734384,159.8000808406523,3.8802
2019-10-15,湖南省长沙市宁乡市金洲镇,19.800470364372345,1203.7409802088607,6.688233272701134,64.75403101383885,161.24756292533465,3.3734
2019-07-15,湖南省长沙市宁乡市金洲镇,28.06386952531285,1021.1757598829594,6.889169810223448,61.54308650371778,153.14744321336664,4.1668
2020-07-15,湖南省长沙市宁乡市金洲镇,36.12375057892537,472.5166416115376,6.500708627680522,56.284710060587614,196.78971844530287,3.0205
2020-10-15,湖南省长沙市宁乡市金洲镇,28.19365111014592,714.5699067388412,5.582844508628952,100.0,77.76518106201719,3.4891
2020-07-15,湖南省长沙市宁乡市金洲镇,30.9351515278019,848.3053656513367,8.511593690347514,47.98231821922202,80.12019908925632,2.608
2021-07-15,湖南省长沙市宁乡市金洲镇,30.52762966478992,223.9469233238728,8.02892899481374,100.0,221.01294615489627,2.14
2021-10-15,湖南省长沙市宁乡市金洲镇,30.25327198003806,638.5522996379814,6.043696967477381,53.69879052897615,207.35614933984573,3.1365
2021-07-15,湖南省长沙市宁乡市金洲镇,26.00549523357484,668.5222647864315,6.988927239639029,24.449474208215044,105.91973437938844,3.2036
2022-07-15,湖南省长沙市宁乡市金洲镇,24.71190601483208,273.63736884011894,6.096562301378642,59.83982927604782,139.71026397670565,3.5185
2022-10-15,湖南省长沙市宁乡市金洲镇,37.01707792619138,939.857102704136,7.523776301620816,53.43773082568713,219.43467286386152,2.7617
2022-07-15,湖南省长沙市宁乡市金洲镇,26.82480501233113,223.9469233238728,8.511593690347514,29.59037724447844,218.53244357313343,2.3488
2023-07-15,湖南省长沙市宁乡市金洲镇,25.752094525717883,528.972075089317,5.240934374069254,83.56181221982162,129.39988944885306,3.3394
2023-10-15,湖南省长沙市宁乡市金洲镇,27.47840943986302,1386.5690092723337,7.699336780928251,41.46710112199894,67.36227064367401,3.4484
2023-07-15,湖南省长沙市宁乡市金洲镇,29.35033865344377,1499.9867964949349,8.5,72.71940185137751,236.0299703195907,3.4381
2013-07-15,湖南省长沙市宁乡市金洲镇,26.087164365898616,692.9784310222916,7.783379165046651,67.18165940699663,24.09543193513789,3.2254
2013-10-15,湖南省长沙市宁乡市金洲镇,24.046587996183263,1278.8145474186667,5.107351242216747,95.9778532355076,102.71714260601952,3.2405
2013-07-15,湖南省长沙市宁乡市金洲镇,34.570156769333934,242.68404159268664,5.905884369512015,49.98540785988803,244.11113912835324,2.2942
2014-07-15,湖南省长沙市宁乡市金洲镇,21.88115519652097,608.9520650829982,6.209401522656867,73.8463373632897,127.49346030338612,3.8628
2014-10-15,湖南省长沙市宁乡市金洲镇,24.01825075457511,602.1121096820266,6.864479727846491,36.32539950379543,182.43537250873445,3.5262
2014-07-15,湖南省长沙市宁乡市金洲镇,23.704789270896484,539.0059422575275,5.361941681344733,73.83325128372121,202.86373124283992,3.8102
2015-07-15,湖南省长沙市宁乡市金洲镇,26.193945795132567,1009.4662508406436,7.309956813352508,38.90366219134101,131.37619177464185,3.3838
2015-10-15,湖南省长沙市宁乡市金洲镇,30.15141727015921,1025.1608346305916,7.365244950343942,57.4873267856532,397.1155248141098,3.1811
2015-07-15,湖南省长沙市宁乡市金洲镇,18.52659262139548,348.537202151262,6.880952835693413,43.02167490543612,174.78884855715734,3.0774
2016-07-15,湖南省长沙市宁乡市金洲镇,19.40165052686928,674.0409616741042,5.049450226751295,95.9778532355076,397.1155248141098,2.3277
2016-10-15,湖南省长沙市宁乡市金洲镇,23.18779529298434,627.6359071598362,5.123385701677317,84.52862754396136,339.46627698265786,3.5827
2016-07-15,湖南省长沙市宁乡市金洲镇,16.301431106109504,693.1129116185647,6.877883267583234,56.57602366774174,127.35459593218022,3.1311
2017-07-15,湖南省长沙市宁乡市金洲镇,30.74382850186052,1210.4389423126602,6.06800062182919,78.68900955272855,141.69988307901733,3.728
2017-10-15,湖南省长沙市宁乡市金洲镇,12.0,913.5041586821792,5.838507256071861,59.688147334751775,169.21127129531237,2.8949
2017-07-15,湖南省长沙市宁乡市金洲镇,28.85849355324172,329.8012539426416,7.70893213970257,66.15728094853513,166.6509515329134,3.2387
2018-07-15,湖南省长沙市宁乡市金洲镇,23.14692833956947,2058.213742564209,5.53326708185555,65.17576885264144,161.5202542181206,3.4705
2018-10-15,湖南省长沙市宁乡市金洲镇,27.71800077297216,1003.2919065450044,6.245845647330151,89.03863339079086,131.42940684436624,4.0303
2018-07-15,湖南省长沙市宁乡市金洲镇,30.86364509629682,703.1746921644694,5.842586206289116,61.71701174556452,101.96457945911368,3.6612
2019-07-15,湖南省长沙市宁乡市金洲镇,24.87222964504277,930.4493662300536,6.494895424434736,81.48205793711412,181.3994269637153,3.7724
2019-10-15,湖南省长沙市宁乡市金洲镇,10.60633717147952,895.4315168157877,4.8127762500642985,71.48072885413066,158.78853669919908,2.0755
2019-07-15,湖南省长沙市宁乡市金洲镇,22.2484742307729,1096.6041681034217,5.486970488377162,82.4430621136811,188.658630006492,3.811
2020-07-15,湖南省长沙市宁乡市金洲镇,26.30336882911953,1096.722263208643,6.754341509298521,81.44132156065055,183.9961289035636,3.807
2020-10-15,湖南省长沙市宁乡市金洲镇,27.47015093141369,1009.0192727695533,5.806689254410832,43.06249841232028,216.46326575894693,3.7422
2020-07-15,湖南省长沙市宁乡市金洲镇,30.8041339368926,837.7951863346732,6.05505236953783,78.74853510253008,136.00749010761635,5.1285
2021-07-15,湖南省长沙市宁乡市金洲镇,19.284975436347583,610.5545801944097,7.169808098009338,73.74253559462103,163.51540091901597,3.5059
2021-10-15,湖南省长沙市宁乡市金洲镇,22.661493993440544,808.9896320291755,5.5985048931058445,63.22911570833975,122.9268703833674,3.7804
2021-07-15,湖南省长沙市宁乡市金洲镇,24.76539710560408,924.7929863653404,5.688078340892007,82.80115464950919,167.569730615201,4.0006
2022-07-15,湖南省长沙市宁乡市金洲镇,10.60633717147952,475.6588661607016,5.600987444615699,78.9033049666028,133.6543859441477,2.5937
2022-10-15,湖南省长沙市宁乡市金洲镇,36.12375057892537,868.8209743494303,6.597913737608642,46.79351316143432,144.0411397324781,2.8387
2022-07-15,湖南省长沙市宁乡市金洲镇,35.383739917804206,880.0960956582953,6.865909337914827,62.4693484050588,108.37173492589064,2.6932
2023-07-15,湖南省长沙市宁乡市金洲镇,23.391824743913087,413.070325470482,7.390522177645469,47.72040301847844,273.0748165961678,3.2803
2023-10-15,湖南省长沙市宁乡市金洲镇,23.25371147840785,728.2500859792887,7.5016535033771,98.4573640379706,203.0905549680695,3.0752
2023-07-15,湖南省长沙市宁乡市金洲镇,23.256739327960705,1009.119582204316,6.920963527127404,24.449474208215044,157.8671594805088,3.6034
2013-07-15,湖南省长沙市宁乡市金洲镇,29.251108710567465,712.7867769940342,5.368957625704114,46.86194250555878,241.20550445946608,2.9034
2013-10-15,湖南省长沙市宁乡市金洲镇,32.503798953171554,884.836608945103,6.078522252694227,46.02094344462644,104.91927182379776,3.2007
2013-07-15,湖南省长沙市宁乡市金洲镇,22.85942419517044,610.6430691669859,7.35658844188635,89.6140580996894,61.056192780253866,3.3233
2014-07-15,湖南省长沙市宁乡市金洲镇,17.217090506701247,824.2119879160224,6.612657688750645,59.357484461321775,238.68727356596904,3.6498
2014-10-15,湖南省长沙市宁乡市金洲镇,22.53121708419344,926.0353994755918,4.638960070667885,96.44796420540656,135.6436111708889,3.4629
2014-07-15,湖南省长沙市宁乡市金洲镇,29.9813340972357,653.4824807548904,7.832076192716774,95.782846916213,162.42836620671412,3.3069
2015-07-15,湖南省长沙市宁乡市金洲镇,18.58503887905715,932.9595979747188,8.511593690347514,92.98455900142318,111.78705666366255,2.5779
2015-10-15,湖南省长沙市宁乡市金洲镇,25.38410945530128,223.9469233238728,5.603869532027487,60.995974913992605,55.83662427751898,3.4813
2015-07-15,湖南省长沙市宁乡市金洲镇,27.385204136115608,560.6019793455571,6.225487700451075,52.85477171827832,37.173867356215126,3.3689
2016-07-15,湖南省长沙市宁乡市金洲镇,26.73251940865358,859.1080498631902,7.10337317294732,55.92217167693743,142.1519643763827,4.0977
2016-10-15,湖南省长沙市宁乡市金洲镇,26.979017667187044,733.0798893557776,6.326053577663847,41.636443442996,130.29748443499184,3.1266
2016-07-15,湖南省长沙市宁乡市金洲镇,33.16715766150548,223.9469233238728,7.558780673490247,66.84110274623984,187.76163800573352,2.6225
2017-07-15,湖南省长沙市宁乡市金洲镇,26.51317732619517,784.91510769125,6.9794416917432684,100.0,190.7576291989409,3.3833
2017-10-15,湖南省长沙市宁乡市金洲镇,20.05704446424541,661.9948516921114,6.188652112887302,83.93615133023741,107.59985375561158,3.4342
2017-07-15,湖南省长沙市宁乡市金洲镇,24.50830186602625,1184.7945923889788,7.793259276930151,35.50994625903529,185.5268340170951,3.3879
2018-07-15,湖南省长沙市宁乡市金洲镇,16.535215929023074,477.7539854370168,7.844318207987207,64.17417276430677,235.21109632691693,2.4163
2018-10-15,湖南省长沙市宁乡市金洲镇,23.59662461566613,1060.0970659184818,5.669699468015793,42.4869006439883,69.02101978679157,3.0832
2018-07-15,湖南省长沙市宁乡市金洲镇,21.23017705566662,996.2316787569832,3.5920957146475483,50.5957595798642,117.24228437310433,2.0725
2019-07-15,湖南省长沙市宁乡市金洲镇,24.687034360502388,1394.3242681787651,5.139945345582399,54.22419390846578,148.85266920877754,3.0912
2019-10-15,湖南省长沙市宁乡市金洲镇,36.12375057892537,514.232563154431,7.727803433451347,66.10005872066749,193.1759698574935,2.486
2019-07-15,湖南省长沙市宁乡市金洲镇,25.52100551975938,275.3761771590836,6.327669843275434,95.9778532355076,192.39032781283515,3.2953
2020-07-15,湖南省长沙市宁乡市金洲镇,28.794642948933827,663.7494241521233,5.793095220862403,40.11027100222269,120.7994206271042,3.5834
2020-10-15,湖南省长沙市宁乡市金洲镇,29.26707779390154,798.0960736781494,8.511593690347514,100.0,113.63497006682049,2.8162
2020-07-15,湖南省长沙市宁乡市金洲镇,27.97377170832643,1055.7035499385302,4.869442797752696,85.21679470040627,127.030951140795,3.1799
2021-07-15,湖南省长沙市宁乡市金洲镇,27.8195456002618,1084.7521119283017,8.282454216557314,63.06479793626222,75.2969265897603,2.6928
2021-10-15,湖南省长沙市宁乡市金洲镇,31.92136409255259,741.043364171785,6.812650991207323,52.33454590579455,180.98380006719472,3.3559
2021-07-15,湖南省长沙市宁乡市金洲镇,37.19876203169636,612.6090071977659,3.5920957146475483,100.0,170.15083588320414,1.8036
2022-07-15,湖南省长沙市宁乡市金洲镇,10.60633717147952,901.880556026507,7.021502525569852,73.9965442745302,206.6158665763768,2.5522
2022-10-15,湖南省长沙市宁乡市金洲镇,25.8994707557674,788.2482888181341,6.326816160603826,73.4486994580288,145.78658276552247,3.6297
2022-07-15,湖南省长沙市宁乡市金洲镇,31.960011431723,781.2334742034878,6.173337241549813,55.67622776107554,132.7734297082594,2.5686
2023-07-15,湖南省长沙市宁乡市金洲镇,29.591583030011563,476.438878246401,6.557117840551175,57.65592131576504,176.11269169737614,4.0604
2023-10-15,湖南省长沙市宁乡市金洲镇,27.762449772085738,914.7279685205332,4.824208216563499,64.36962973343792,41.10697023111564,3.3767
2023-07-15,湖南省长沙市宁乡市金洲镇,24.9018110053666,632.080426357968,4.02844009168574,100.0,397.1155248141098,2.6412
2013-07-15,湖南省长沙市宁乡市金洲镇,27.202373689801995,1190.0939576406777,6.289678004496145,100.0,157.95586032156606,3.6137
2013-10-15,湖南省长沙市宁乡市金洲镇,17.035031332341653,1528.743296603646,4.906036270176701,43.23177528654308,162.47163006402485,2.3175
2013-07-15,湖南省长沙市宁乡市金洲镇,26.59890967071269,210.0682192591853,6.689203303474235,39.28000586967013,110.21012459242904,2.9085
2014-07-15,湖南省长沙市望城区靖港镇,21.99316178024393,1087.46147518827,6.025818942921851,86.37584642788585,140.97191151030106,3.6507
2014-10-15,湖南省长沙市望城区靖港镇,18.329872525408977,485.0362277321736,8.511593690347514,88.26752110327101,30.0,2.5135
2014-07-15,湖南省长沙市望城区靖港镇,25.5268775307298,1046.992835631255,7.166706060858609,51.26922493692462,50.092482221757336,3.9466
2015-07-15,湖南省长沙市望城区靖港镇,20.158277725681824,1113.5403645152808,6.994180214280795,91.7865317896,104.74211204357144,3.4344
2015-10-15,湖南省长沙市望城区靖港镇,27.75026049512276,592.5876507758193,6.54278290212432,22.803235187487168,262.1439902206956,3.2743
2015-07-15,湖南省长沙市望城区靖港镇,23.87683425001488,383.30445914826265,6.629539639206047,47.18862378817971,190.14511261605145,3.5251
2016-07-15,湖南省长沙市望城区靖港镇,20.08756303230845,683.5706278701199,7.287322505646523,47.80772972243092,120.0329284268872,3.6176
2016-10-15,湖南省长沙市望城区靖港镇,29.70385593994108,510.8854796429526,6.521865742182222,57.840191311733285,157.28766385197275,3.305
2016-07-15,湖南省长沙市望城区靖港镇,10.60633717147952,508.0304674015849,5.944555207134998,41.71898735188349,129.3746088293934,2.4672
2017-07-15,湖南省长沙市望城区靖港镇,17.147496981884114,2058.213742564209,6.784825278623637,70.75127810334656,105.51010500523653,3.0302
2017-10-15,湖南省长沙市望城区靖港镇,30.1128521600482,269.16242140502163,5.6225452599969,35.474749119964414,85.11519715564278,3.1347
2017-07-15,湖南省长沙市望城区靖港镇,16.773006265215542,390.72567343462686,6.275377076408523,48.70263702181312,68.02809973986496,3.0574
2018-07-15,湖南省长沙市望城区靖港镇,18.05213766618202,746.5341558844289,5.831248286422455,24.449474208215044,203.01640715965013,3.1361
2018-10-15,湖南省长沙市望城区靖港镇,36.45471286295371,1454.7069503578105,7.126594799995895,61.21971404635052,111.06008877161054,2.5517
2018-07-15,湖南省长沙市望城区靖港镇,31.878534066558096,806.1479038778075,4.0,70.13501597323575,188.1060006958755,2.426
2019-07-15,湖南省长沙市望城区靖港镇,23.51218248320004,200.0,5.773051040982651,100.0,179.7980768987937,3.375
2019-10-15,湖南省长沙市望城区靖港镇,28.50586371155449,688.3735275641135,5.811264282049472,100.0,80.77762058217816,3.2448
2019-07-15,湖南省长沙市望城区靖港镇,27.98700034924929,876.2774839222989,7.533805376008624,48.48334453523905,101.04542789108682,5.03
2020-07-15,湖南省长沙市望城区靖港镇,18.86196092431504,759.4672198427486,6.088278418844408,82.97023409103129,221.2628030483073,3.7174
2020-10-15,湖南省长沙市望城区靖港镇,30.947352444623203,1084.3952359570949,6.721852516803045,52.63679102632745,225.37184636482093,3.3134
2020-07-15,湖南省长沙市望城区靖港镇,29.820435841441785,1204.737904450522,7.331119997993905,59.146290820494464,203.85934629898463,3.6121
2021-07-15,湖南省长沙市望城区靖港镇,23.77921682354676,653.3937109546973,6.173409172549173,68.02814781249555,119.15467173792612,4.0976
2021-10-15,湖南省长沙市望城区靖港镇,27.2676715075699,773.3240898443713,6.107818438802416,98.87094266827344,41.06106144727096,3.2119
2021-07-15,湖南省长沙市望城区靖港镇,33.06855634529323,734.1728222229478,7.300765426739591,65.44678478637216,80.4838041804309,2.6433
2022-07-15,湖南省长沙市望城区靖港镇,27.109603771176424,721.0235509209112,6.3719731320167625,95.9778532355076,133.44960240621262,3.3819
2022-10-15,湖南省长沙市望城区靖港镇,26.606786077251364,649.408487790592,7.023039632963558,65.64286293929122,153.79392879078608,3.3864
2022-07-15,湖南省长沙市望城区靖港镇,26.6438120515174,501.18946168920087,6.348266241579492,49.902676068561576,124.56593566004425,3.7729
2023-07-15,湖南省长沙市望城区靖港镇,24.67930826703504,344.7388603953817,5.365719546853766,42.59164162127222,30.0,2.8387
2023-10-15,湖南省长沙市望城区靖港镇,21.22862074990321,2058.213742564209,6.430246570771202,45.12813992137104,107.39180358975707,3.5094
2023-07-15,湖南省长沙市望城区靖港镇,24.249722064837368,891.6843083753647,5.946031451422552,64.7696982384671,174.01017631202984,4.1888
2013-07-15,湖南省长沙市望城区靖港镇,19.26827303490656,650.9867528208775,3.5920957146475483,74.52480706775331,132.0558548861967,2.7664
2013-10-15,湖南省长沙市望城区靖港镇,25.627882267357712,316.2014725879318,7.808716678922282,95.9778532355076,30.0,3.3268
2013-07-15,湖南省长沙市望城区靖港镇,25.07789523790733,223.9469233238728,5.548079859770782,48.88016537881169,148.2186725828413,2.6779
2014-07-15,湖南省长沙市望城区靖港镇,12.502971425632134,549.8599995093216,8.5,50.42081499933676,165.90983536479524,2.1001
2014-10-15,湖南省长沙市望城区靖港镇,23.37584308245689,509.3211955254253,6.164792746740582,24.449474208215044,230.5633116810712,3.0301
2014-07-15,湖南省长沙市望城区靖港镇,29.90882743495797,706.890086542379,6.584106487888491,68.73980419449329,172.84958510071522,3.3815
2015-07-15,湖南省长沙市望城区靖港镇,36.26217902672154,1185.9694466511828,7.470804852537203,32.45376544105369,166.04852333388368,3.3147
2015-10-15,湖南省长沙市望城区靖港镇,21.559248274111383,728.4179692231113,8.357928760058249,95.9778532355076,179.0754827303565,3.2611
2015-07-15,湖南省长沙市望城区靖港镇,30.04908544671317,690.3388148725484,6.780963321165099,50.330358666434414,154.87748550254886,3.3599
2016-07-15,湖南省长沙市望城区靖港镇,33.21007580068185,935.4832048178768,6.644907969330904,76.02034120452599,133.89787205175716,3.3305
2016-10-15,湖南省长沙市望城区靖港镇,18.38455103296251,578.2949389936557,5.539871261351718,47.02400379512325,153.94425960283723,2.9937
2016-07-15,湖南省长沙市望城区靖港镇,21.805191261552487,464.1332821734768,5.573532981758883,38.05492164837302,168.77193908945466,3.3844
2017-07-15,湖南省长沙市望城区靖港镇,14.233049431981426,1125.4178426524836,6.790246565667032,55.89602190367682,191.13716245310897,2.9023
2017-10-15,湖南省长沙市望城区靖港镇,20.043038252718464,1100.724937601602,8.5,38.001487242774544,155.09192750166625,3.0166
2017-07-15,湖南省长沙市望城区靖港镇,20.76519325840836,867.8686461752261,7.640863215610746,95.9778532355076,169.84702839229416,3.556
2018-07-15,湖南省长沙市望城区靖港镇,32.97252531612486,1175.2863422680548,5.989301386490236,73.18129876668114,158.6552113369224,3.3064
2018-10-15,湖南省长沙市望城区靖港镇,17.79974558702853,724.8804057889743,4.255133226107272,38.55305130633409,196.0384417561492,2.7915
2018-07-15,湖南省长沙市望城区靖港镇,19.518624565524,901.3801161903988,6.93906855589017,54.46889733726596,179.23309167782563,3.3849
2019-07-15,湖南省长沙市望城区靖港镇,24.13464087858065,949.8233207583808,4.427707313827561,86.8959700445465,97.986924906992,3.1778
2019-10-15,湖南省长沙市望城区靖港镇,26.843366544364507,200.0,8.498871735939714,72.30788483850282,205.6809395491012,2.6638
2019-07-15,湖南省长沙市望城区靖港镇,21.87218649245236,896.7400703005242,7.249581743307655,20.648178412824585,79.92808156249738,3.2383
2020-07-15,湖南省长沙市望城区靖港镇,32.38270174862948,852.3377884510107,6.701014980708654,64.35905011672573,143.28917375482123,3.1888
2020-10-15,湖南省长沙市望城区靖港镇,32.2188230203663,825.9285551235306,8.333484577176982,80.53873405863033,91.3186185886459,2.3362
2020-07-15,湖南省长沙市望城区靖港镇,18.74230287904778,839.357027103165,8.5,83.72112335872032,149.28015932233657,2.7898
2021-07-15,湖南省长沙市望城区靖港镇,26.760276982571483,200.0,3.5920957146475483,67.485713897017,139.9911155580964,2.7514
2021-10-15,湖南省长沙市望城区靖港镇,23.79381971071835,671.4964280882415,6.448131136230098,72.38032875650335,163.12309596848925,3.8727
2021-07-15,湖南省长沙市望城区靖港镇,36.12375057892537,1007.9974070997804,6.114315335949469,51.68613070212906,184.9034018982304,3.0236
2022-07-15,湖南省长沙市望城区靖港镇,24.77206991822251,566.7829772423286,4.608096098746376,69.81753514400815,122.458099609266,3.3891
2022-10-15,湖南省长沙市望城区靖港镇,24.58924410803716,1064.321472086784,5.749100529038914,65.60952827841258,60.1660563309496,3.7078
2022-07-15,湖南省长沙市望城区靖港镇,21.54045965059377,1043.8742734692414,5.979405822319547,79.05319996998611,24.09543193513789,3.6932
2023-07-15,湖南省长沙市望城区靖港镇,36.12375057892537,894.3346752055886,6.190499237996206,60.70090323842098,255.1375145473219,2.9341
2023-10-15,湖南省长沙市望城区靖港镇,34.23318498023833,670.1297543644558,5.766731316195823,39.929879752564766,64.71900328088716,3.1294
2023-07-15,湖南省长沙市望城区靖港镇,24.504120681103085,1407.742127573375,7.954656478829221,46.51874385317869,218.2666068401197,3.3239
2013-07-15,湖南省长沙市望城区靖港镇,28.251005889793305,686.8035469645218,6.4331090584052735,50.60020933556122,186.79593267966865,3.3959
2013-10-15,湖南省长沙市望城区靖港镇,29.36228664140072,996.0505856167588,6.918648020816906,20.0,397.1155248141098,3.1284
2013-07-15,湖南省长沙市望城区靖港镇,18.59847800664553,434.5676085352035,4.994697938991656,82.28496769397273,24.09543193513789,2.55
2014-07-15,湖南省长沙市望城区靖港镇,17.372374145376305,372.3220053565691,5.61549692693998,72.7149993636339,30.0,3.1383
2014-10-15,湖南省长沙市望城区靖港镇,30.58647915794064,1266.8001715517612,4.456063305347405,47.05493987677487,193.5906973401636,2.6661
2014-07-15,湖南省长沙市望城区靖港镇,26.71362673188852,1373.7228229750394,6.400799647068443,51.94099688335838,191.6223667521711,3.6681
2015-07-15,湖南省长沙市望城区靖港镇,27.28376609576892,1059.2462640412657,3.5920957146475483,54.00421280723933,245.06966250942352,2.9706
2015-10-15,湖南省长沙市望城区靖港镇,29.203217744943625,1162.5351524054458,6.1584233677816425,75.41378992845337,24.09543193513789,3.366
2015-07-15,湖南省长沙市望城区靖港镇,21.594741712625595,430.3036558887678,6.914824482035875,74.32862574824634,218.7892295239823,3.6246
2016-07-15,湖南省长沙市望城区靖港镇,36.12375057892537,501.0221791031145,6.144878344509501,60.2438592514812,240.9248289208925,2.9061
2016-10-15,湖南省长沙市望城区靖港镇,17.84612448940976,307.6240392920411,6.800056825511289,24.449474208215044,132.68802595909222,2.7077
2016-07-15,湖南省长沙市望城区靖港镇,24.799210246778284,615.4312427876231,5.111122990366986,74.46290906535575,70.33207959123415,2.8544
2017-07-15,湖南省长沙市望城区靖港镇,34.004702164554075,758.2123964670112,7.655300411521693,51.09701283846256,108.93357587482905,2.8607
2017-10-15,湖南省长沙市望城区靖港镇,21.61803848970365,549.8046937401598,5.824626761196712,29.891242053785803,188.814271395394,3.3095
2017-07-15,湖南省长沙市望城区靖港镇,32.200586077247365,554.4788208413948,6.163661646365488,46.49215484714088,207.65593071649567,3.7352
2018-07-15,湖南省长沙市望城区靖港镇,24.551321528563868,1136.5717132946404,6.443059541275207,24.449474208215044,129.6281906000408,3.181
2018-10-15,湖南省长沙市望城区靖港镇,28.54501878794256,989.8902951802426,5.569694302145555,67.86612610000007,162.6725639534674,4.0152
2018-07-15,湖南省长沙市望城区靖港镇,25.98260584850735,740.4079221031916,7.162250185695738,65.32249575800945,211.3177666006885,3.5433
2019-07-15,湖南省长沙市望城区靖港镇,31.64576265066216,864.4820509816798,6.242448428854696,24.449474208215044,221.4284991116089,3.4345
2019-10-15,湖南省长沙市望城区靖港镇,28.21361379933772,860.6062810970021,8.082554969312532,79.30348780256116,132.97759629811608,3.3429
2019-07-15,湖南省长沙市望城区靖港镇,27.238542800086574,371.7999231453604,5.689024366074277,70.36100855179507,191.5689126180553,3.2147
2020-07-15,湖南省长沙市望城区靖港镇,27.84883640116102,883.5857576197754,5.639515926617165,58.69467332167488,102.59897419108752,3.6214
2020-10-15,湖南省长沙市望城区靖港镇,22.17960684631636,715.3699939888143,4.407466794250844,52.39501409991128,104.27199308915412,2.8789
2020-07-15,湖南省长沙市望城区靖港镇,26.219003568856,2058.213742564209,6.3986750837701045,81.6631553325887,126.94910005758146,3.4188
2021-07-15,湖南省长沙市望城区靖港镇,28.541782236496765,223.9469233238728,7.666784993203207,70.98171468042212,170.72485089863122,3.188
2021-10-15,湖南省长沙市望城区靖港镇,19.89383591434644,1238.457861882951,6.160869729072101,62.77362302404399,85.88875475505367,3.2169
2021-07-15,湖南省长沙市望城区靖港镇,28.039482548582697,1204.7975188837531,6.761176806974509,57.057693368642944,30.0,3.6874
2022-07-15,湖南省长沙市望城区靖港镇,26.395107628851697,958.3707946828692,5.533615930731799,38.75673597608965,90.7834358099066,3.5612
2022-10-15,湖南省长沙市望城区靖港镇,24.52352233806524,1248.1814599395034,7.281173856610691,72.64866631385071,150.98245451587763,4.181
2022-07-15,湖南省长沙市望城区靖港镇,32.887266398817374,1480.154058529467,5.235232716814481,95.9778532355076,174.34944520042885,2.9769
2023-07-15,湖南省长沙市望城区靖港镇,26.246918418553776,1543.8168256129734,7.161102535734969,49.792727175677385,397.1155248141098,3.2223
2023-10-15,湖南省长沙市望城区靖港镇,26.09575163831969,1288.5037878174085,5.910022309247387,49.75164098794171,24.09543193513789,3.1784
2023-07-15,湖南省长沙市望城区靖港镇,23.461108825234994,955.8843379543404,7.684253416031466,57.13235404510686,174.6229966072135,3.4511
2013-07-15,湖南省长沙市望城区靖港镇,35.8162736165273,1021.674641313105,5.688025847706523,74.14426127385028,397.1155248141098,2.4223
2013-10-15,湖南省长沙市望城区靖港镇,28.227420905705376,708.5587731446783,6.750692416022752,33.63711373159899,106.77269575949646,3.3003
2013-07-15,湖南省长沙市望城区靖港镇,28.731267830136105,631.3729024087418,5.8391392377731455,73.8011985804629,46.664583962548846,3.1901
2014-07-15,湖南省长沙市望城区靖港镇,18.20071929510041,1173.880202936895,6.891776522346943,53.17963088533136,176.75033251375478,3.1643
2014-10-15,湖南省长沙市望城区靖港镇,25.232182740780743,223.9469233238728,6.129774408133645,94.1086896783065,181.64884998166383,3.7781
2014-07-15,湖南省长沙市望城区靖港镇,25.95549534009952,1268.2849397297202,7.084683281917922,72.47067366823538,223.8276028655985,3.8671
2015-07-15,湖南省长沙市望城区靖港镇,31.392259313036494,1048.6128305659752,5.673484828753944,24.0097096762335,151.09514765136677,3.8778
2015-10-15,湖南省长沙市望城区靖港镇,25.14372411467409,864.0359057839431,6.33487707777816,51.9093285800338,30.0,3.3789
2015-07-15,湖南省长沙市望城区靖港镇,25.93304561578179,1298.432304118519,8.511593690347514,64.17056444001705,175.8605815278046,3.3061
2016-07-15,湖南省长沙市望城区靖港镇,21.736880103488044,1310.8481018027835,7.36719306191894,43.40934295667922,79.93455504600473,3.1312
2016-10-15,湖南省长沙市望城区靖港镇,22.76783192724736,223.9469233238728,6.3000171014432205,43.019215509362816,160.4368325047687,3.1869
2016-07-15,湖南省长沙市望城区靖港镇,30.36815874929886,569.7736999784976,6.996812507135921,47.93009039877317,52.84961660904811,3.2561
2017-07-15,湖南省长沙市望城区靖港镇,22.489728878236946,850.6118783285609,3.5920957146475483,24.449474208215044,212.8870055561493,2.4065
2017-10-15,湖南省长沙市望城区靖港镇,27.20007225026666,907.921029307238,7.708682010835303,39.61417789513792,123.82421806919828,2.995
2017-07-15,湖南省长沙市望城区靖港镇,14.005970216899591,2058.213742564209,8.511593690347514,100.0,138.1164142068656,2.2331
2018-07-15,湖南省长沙市望城区靖港镇,17.75993049791878,2058.213742564209,4.0,54.09825540008819,144.2399602959685,2.4626
2018-10-15,湖南省长沙市望城区靖港镇,34.40578534720295,1255.665974435799,6.17226285,71.75532198109202,158.15135409397743,3.3313
2018-07-15,湖南省长沙市望城区靖港镇,22.22400236653401,2058.213742564209,7.578533546062947,50.01168026086053,266.15166154083624,3.5863
2019-07-15,湖南省长沙市望城区靖港镇,24.67124869463506,223.9469233238728,7.135530199832898,58.11045582495095,51.8158188476109,3.3576
2019-10-15,湖南省长沙市望城区靖港镇,32.827620146171704,928.8874821901024,6.5503718966729965,70.14506842223004,237.28957044879903,3.004
2019-07-15,湖南省长沙市望城区靖港镇,26.886059375322603,854.4827198760529,7.237512893622851,69.01397388577756,137.4374632012852,3.7008
2020-07-15,湖南省长沙市望城区靖港镇,22.205390763642058,1010.3766677530182,6.522857509845124,87.12463117719938,108.02395147785816,3.9696
2020-10-15,湖南省长沙市望城区靖港镇,17.384065476081126,564.9433447593854,6.526553353799469,46.268159875127154,30.0,3.0668
2020-07-15,湖南省长沙市望城区靖港镇,30.97523314462421,500.0741596735605,7.860676036107705,76.05810457198963,261.84291182470554,3.4398
2021-07-15,湖南省长沙市望城区靖港镇,21.49939592530413,874.9705127353183,6.765462659495728,100.0,183.4124833420888,3.8598
2021-10-15,湖南省长沙市望城区靖港镇,25.66484837073438,385.4014032220428,6.095754400802771,45.43384100355004,134.04479554826688,3.1688
2021-07-15,湖南省长沙市望城区靖港镇,19.8674235029447,537.084579966409,5.659018601013452,95.9778532355076,187.78437086452428,3.0692
2022-07-15,湖南省长沙市望城区靖港镇,25.97044996449154,640.2017082473722,5.470833089254067,100.0,112.90949747398986,3.0116
2022-10-15,湖南省长沙市望城区靖港镇,31.900456770737257,549.1135643823837,6.07728554030729,65.67049404777175,122.838591089428,3.0545
2022-07-15,湖南省长沙市望城区靖港镇,22.769082833926102,471.369962811624,5.560297401747849,84.94118712907283,226.4810309807692,3.8921
2023-07-15,湖南省长沙市望城区靖港镇,22.738468403754617,1062.0549273409251,6.471197305325578,42.403002855628806,180.5577194185205,4.0773
2023-10-15,湖南省长沙市望城区靖港镇,28.06758986365208,1032.730165220953,6.0468924106249125,82.8846554900187,180.6321227070742,3.6343
2023-07-15,湖南省长沙市望城区靖港镇,25.600156633591308,580.2594628965037,7.637539013150635,61.4097085025504,158.82460964675843,4.1816
2013-07-15,湖南省长沙市望城区靖港镇,25.190017390841,904.4867990299276,8.5,54.87621877829328,272.23263838310146,2.7949
2013-10-15,湖南省长沙市望城区靖港镇,27.18161834837016,409.3282372951031,7.75707976848107,75.36437900890823,232.80833633211088,3.4158
2013-07-15,湖南省长沙市望城区靖港镇,33.637715850503554,783.0380768054797,8.511593690347514,45.9076379609988,82.73195923452467,2.5905
2014-07-15,湖南省长沙市望城区靖港镇,35.71135179305932,876.516004666873,6.650910963625069,46.55622189136745,169.6302331726674,2.8746
2014-10-15,湖南省长沙市浏阳市沙市镇,19.88603717400797,1211.6184271849056,6.00660925029011,49.67354950437148,162.10431928776262,3.0341
2014-07-15,湖南省长沙市浏阳市沙市镇,24.878227038695087,867.9525949016033,5.9657597280370736,44.97370691604066,24.09543193513789,3.239
2015-07-15,湖南省长沙市浏阳市沙市镇,27.6141774401775,843.6037408251905,4.0,33.64023468879465,48.76325522152989,2.3334
2015-10-15,湖南省长沙市浏阳市沙市镇,27.120829732009582,669.2543068501305,5.789469920673792,24.449474208215044,156.15248638905135,3.5016
2015-07-15,湖南省长沙市浏阳市沙市镇,23.3982634590284,1301.0487762046776,5.134859323143198,30.78793291126972,82.55268846835361,2.8478
2016-07-15,湖南省长沙市浏阳市沙市镇,22.58057082972839,223.9469233238728,5.671083565993794,44.44152469978522,53.71769941213127,2.8107
2016-10-15,湖南省长沙市浏阳市沙市镇,21.74290998192776,611.4847727014585,5.453462653514398,100.0,175.41047244132224,2.7737
2016-07-15,湖南省长沙市浏阳市沙市镇,25.98955391731324,1103.6409382725592,6.768718527304668,71.63836895415774,176.74067442491545,4.3518
2017-07-15,湖南省长沙市浏阳市沙市镇,22.131499980307105,223.9469233238728,6.192899794312173,35.150754599880145,199.87266619198533,3.2655
2017-10-15,湖南省长沙市浏阳市沙市镇,23.71311731288328,2058.213742564209,7.368663042355715,59.70908202590556,181.822151339928,3.4709
2017-07-15,湖南省长沙市浏阳市沙市镇,16.657079630612053,1212.1423482281314,4.816655305427168,72.3151997218583,142.82647460241623,2.5517
2018-07-15,湖南省长沙市浏阳市沙市镇,26.9961156130264,676.6826624398869,6.184797073836521,26.168643987595573,147.9261456093718,3.6846
2018-10-15,湖南省长沙市浏阳市沙市镇,17.118039215078753,607.8411630477538,6.999966692259849,52.41575700941115,97.548043799151,2.9213
2018-07-15,湖南省长沙市浏阳市沙市镇,28.2616143920671,737.3000117918804,6.075277783861279,98.01145926465696,234.8904397695333,3.8969
2019-07-15,湖南省长沙市浏阳市沙市镇,29.41829968743336,850.520587080642,5.873708577812382,70.64068438418686,174.54845536655964,3.8222
2019-10-15,湖南省长沙市浏阳市沙市镇,24.136863500295902,727.5968676780485,6.0331093830592,100.0,162.28787263691504,3.64
2019-07-15,湖南省长沙市浏阳市沙市镇,24.807457652496463,708.029165859845,6.89094059828092,73.2723251514336,189.81587211364567,4.1024
2020-07-15,湖南省长沙市浏阳市沙市镇,30.39340416715648,745.7646908313527,6.671509548194844,22.520143637487287,254.6586668845867,3.3666
2020-10-15,湖南省长沙市浏阳市沙市镇,22.7055786856553,827.2906930326227,7.109175233440241,98.34513683499068,188.2912199309144,3.6964
2020-07-15,湖南省长沙市浏阳市沙市镇,33.419638457289345,999.4142258926668,7.706118434774283,70.94454443170173,63.40795237285237,2.9806
2021-07-15,湖南省长沙市浏阳市沙市镇,30.23549151306077,1298.240720581373,5.701079344081236,61.09054712828053,114.7357218408061,3.703
2021-10-15,湖南省长沙市浏阳市沙市镇,26.12225909279986,577.5820170109229,6.945104254832707,81.3947943451619,245.52149391456496,3.7522
2021-07-15,湖南省长沙市浏阳市沙市镇,17.6781255989509,1123.0768475878551,6.085627338294816,68.1618975173362,79.17237088607507,3.1826
2022-07-15,湖南省长沙市浏阳市沙市镇,18.87117168498829,820.0444649532217,5.755439459606971,100.0,143.771250935822,3.2298
2022-10-15,湖南省长沙市浏阳市沙市镇,32.869933816450164,856.5403187198831,7.113866346140781,74.84028561133798,65.99572593589568,3.0354
2022-07-15,湖南省长沙市浏阳市沙市镇,10.60633717147952,526.283764246283,8.511593690347514,71.92234657595445,290.7374497137864,1.9488
2023-07-15,湖南省长沙市浏阳市沙市镇,28.235979698513702,760.7152333446581,6.261847064956142,20.0,204.343056029842,3.547
2023-10-15,湖南省长沙市浏阳市沙市镇,33.67981901582625,558.3183804721222,6.223977351444431,81.23411143226531,162.44932787113092,3.1743
2023-07-15,湖南省长沙市浏阳市沙市镇,21.55406090955216,2058.213742564209,6.915550741474231,75.19366154484658,204.12547869529607,3.8118
2013-07-15,湖南省长沙市浏阳市沙市镇,35.37630436312632,684.8928741257047,5.822809762346705,77.29889278062757,129.46170939305105,3.2877
2013-10-15,湖南省长沙市浏阳市沙市镇,10.60633717147952,509.3505105359741,6.556926420870776,51.39011904471904,221.6167053103553,2.2854
2013-07-15,湖南省长沙市浏阳市沙市镇,36.12375057892537,553.8595721260735,5.050849476887113,70.69509186771137,141.73553637672438,2.6089
2014-07-15,湖南省长沙市浏阳市沙市镇,26.04191403973776,223.9469233238728,5.665279690550194,93.68619338704153,397.1155248141098,2.9671
2014-10-15,湖南省长沙市浏阳市沙市镇,25.13442919497265,1064.4799237934626,6.0353405477954585,93.5752032407354,183.688357789568,3.0098
2014-07-15,湖南省长沙市浏阳市沙市镇,23.89517913085168,600.7327455940326,5.689511417626683,86.45083599145518,84.67839537141947,3.4335
2015-07-15,湖南省长沙市浏阳市沙市镇,29.386811452878355,219.32459614488164,7.9898026315713535,59.190921675444216,82.4881303357366,2.9112
2015-10-15,湖南省长沙市浏阳市沙市镇,32.51699150883575,223.9469233238728,6.550536342792912,94.24509208069458,164.8143638049967,0.7493
2015-07-15,湖南省长沙市浏阳市沙市镇,19.208176554037287,1384.3450361762946,6.645318055325738,65.64792427367158,136.76604358396116,4.0501
2016-07-15,湖南省长沙市浏阳市沙市镇,24.98198730454716,941.1420968350196,6.121648117400234,56.73152458727117,24.09543193513789,3.0495
2016-10-15,湖南省长沙市浏阳市沙市镇,24.7614432192901,200.0,7.782135740360131,41.73914699430796,397.1155248141098,2.5404
2016-07-15,湖南省长沙市浏阳市沙市镇,20.16511928435393,631.9440424345373,7.5065957152777,24.449474208215044,165.13169125405722,3.3631
2017-07-15,湖南省长沙市浏阳市沙市镇,27.127287808924823,726.4098376002408,6.832468083758871,37.00636990534628,161.0915192436219,3.2674
2017-10-15,湖南省长沙市浏阳市沙市镇,28.92900079325416,1003.1440599072891,4.792162073860456,20.604441050962983,218.60169181234969,2.5279
2017-07-15,湖南省长沙市浏阳市沙市镇,28.802073280721487,1560.0548496039578,6.301150256482349,62.06292957489399,103.77451205172729,0.6999
2018-07-15,湖南省长沙市浏阳市沙市镇,17.080485882571384,848.2936841536998,7.180215455902824,88.82181366292383,247.0226954713009,3.1754
2018-10-15,湖南省长沙市浏阳市沙市镇,12.880603366855215,352.31936400204086,5.171497470984876,48.52326260717692,113.03572707982056,2.0857
2018-07-15,湖南省长沙市浏阳市沙市镇,23.76411308739701,805.7464745173577,6.7477871810520815,25.73421704322052,196.8121032711645,3.6486
2019-07-15,湖南省长沙市浏阳市沙市镇,15.552296345272346,963.8220539411334,7.657553191675312,87.5470017871097,81.86184571453026,2.8532
2019-10-15,湖南省长沙市浏阳市沙市镇,21.590078760011007,868.9102241503565,8.511593690347514,74.21649730807731,79.5478622567912,3.1829
2019-07-15,湖南省长沙市浏阳市沙市镇,23.594498535570224,734.8148909189529,5.6181033784568655,63.37865789129166,248.8726563470204,3.9638
2020-07-15,湖南省长沙市浏阳市沙市镇,31.586970328171628,1051.8780637001616,5.86349463735047,67.94596000778168,145.95320648668908,4.0282
2020-10-15,湖南省长沙市浏阳市沙市镇,22.32382394219716,765.7822482882931,7.116761093172981,24.449474208215044,244.1777152163696,3.4583
2020-07-15,湖南省长沙市浏阳市沙市镇,30.247763576596675,2058.213742564209,6.610267518584656,98.62984914836032,217.25619074437475,3.1623
2021-07-15,湖南省长沙市浏阳市沙市镇,10.60633717147952,696.0039915709668,6.2640300849539,100.0,197.9140003866354,2.8241
2021-10-15,湖南省长沙市浏阳市沙市镇,29.475966100138663,605.2838838714882,8.5,44.10327372193858,173.09798496285805,2.7397
2021-07-15,湖南省长沙市浏阳市沙市镇,26.967426927108747,632.1011930648101,5.221580077642852,60.53054989526122,108.79605626595892,3.7076
2022-07-15,湖南省长沙市浏阳市沙市镇,28.491116568067948,561.1951804352368,6.547228092298161,48.84817319803408,91.07883016734571,3.366
2022-10-15,湖南省长沙市浏阳市沙市镇,10.60633717147952,1017.5598418019554,6.892963752617827,88.94336054495707,201.5778472112908,2.6682
2022-07-15,湖南省长沙市浏阳市沙市镇,25.29815184960087,879.2893465926301,6.795987904842962,55.01722097059269,130.50852441008723,3.8832
2023-07-15,湖南省长沙市浏阳市沙市镇,29.623168414563843,201.5164142560144,6.213030363487637,20.0,249.839176788486,2.6226
2023-10-15,湖南省长沙市浏阳市沙市镇,31.99677718293001,606.6839213605916,5.687638105712479,71.66739702521757,397.1155248141098,3.2218
2023-07-15,湖南省长沙市浏阳市沙市镇,27.8629139067808,1082.3773564384392,7.903535331954178,86.72761422411676,397.1155248141098,2.8384
2013-07-15,湖南省长沙市浏阳市沙市镇,22.14410505108601,494.8889991825656,6.343636862563428,76.36546754305569,288.3567951580644,3.4894
2013-10-15,湖南省长沙市浏阳市沙市镇,28.20421430633505,607.7286952255752,7.089118178772655,82.19667122934915,157.57875087521995,3.2763
2013-07-15,湖南省长沙市浏阳市沙市镇,33.988432634247616,650.8197158232985,6.686859702232068,99.89167740150498,154.09932779638905,2.8333
2014-07-15,湖南省长沙市浏阳市沙市镇,19.991899950525426,383.4829577684917,6.301515541484939,85.96799775627082,128.64390497478175,3.2826
2014-10-15,湖南省长沙市浏阳市沙市镇,28.78494308322676,647.4831886225795,6.595735833866564,57.24248436275061,138.6485891234952,3.7381
2014-07-15,湖南省长沙市浏阳市沙市镇,26.88650246522426,493.878630850329,5.874115469098515,64.84622008557261,253.1018397458325,3.4218
2015-07-15,湖南省长沙市浏阳市沙市镇,36.12375057892537,599.1841841686596,6.624045118426721,89.66812152705339,118.88172015092545,2.7027
2015-10-15,湖南省长沙市浏阳市沙市镇,30.415256215876383,893.6208793384902,5.729617061283877,29.952458097180063,122.46738929850018,3.4854
2015-07-15,湖南省长沙市浏阳市沙市镇,27.80392263184117,600.1283827225318,8.5,66.63977627649439,111.43341702600311,3.3433
2016-07-15,湖南省长沙市浏阳市沙市镇,26.78893680174141,519.6945174264467,7.426866885751958,77.88247535700218,65.02386843956356,3.3576
2016-10-15,湖南省长沙市浏阳市沙市镇,19.285148510846884,1145.9715735635718,6.469597233469502,68.2259908532539,158.86924434219162,3.6972
2016-07-15,湖南省长沙市浏阳市沙市镇,25.29104359,911.3638604170492,7.37362850207453,90.0456732391328,273.2516304753642,3.3603
2017-07-15,湖南省长沙市浏阳市沙市镇,25.76862552972764,1383.0809144549512,5.345134020325417,43.01910496890255,182.67494404761769,3.4339
2017-10-15,湖南省长沙市浏阳市沙市镇,30.269010260174515,844.9795010190173,5.269861756241912,47.78541673209323,88.94491336719746,2.9638
2017-07-15,湖南省长沙市浏阳市沙市镇,20.580712818994336,955.9594556036808,5.536416555469959,77.91780840551785,30.0,3.0795
2018-07-15,湖南省长沙市浏阳市沙市镇,36.12375057892537,1108.3033024403094,8.120975966249388,80.95701402764277,77.63865771551286,2.3197
2018-10-15,湖南省长沙市浏阳市沙市镇,18.771306106440058,1035.893812964134,8.5,95.9778532355076,98.69427153544773,0.7341
2018-07-15,湖南省长沙市浏阳市沙市镇,26.07046872065102,1364.7085575540436,5.771347585679823,60.301514569580505,89.96223765100555,3.6273
2019-07-15,湖南省长沙市浏阳市沙市镇,29.28199397161736,1375.7002679655816,7.495211222477399,73.12112244856162,182.4792776404967,3.8735
2019-10-15,湖南省长沙市浏阳市沙市镇,22.76742523966489,1086.7123868363246,5.435778489664493,90.1523811271872,171.61356222464573,3.581
2019-07-15,湖南省长沙市浏阳市沙市镇,17.425763876570677,1019.373952001122,7.516093521646967,63.26597727703582,131.54571497305204,3.1642
2020-07-15,湖南省长沙市浏阳市沙市镇,26.926586898644185,839.3306272057755,6.386919664113765,27.531173920907666,96.84175596613338,3.6636
2020-10-15,湖南省长沙市浏阳市沙市镇,18.111653160214544,614.0197437785312,6.692560234532626,78.44778675222764,201.6109583037094,3.3774
2020-07-15,湖南省长沙市浏阳市沙市镇,20.310874800424383,1522.2132751793656,7.644759611452297,68.33311634719688,397.1155248141098,3.0846
2021-07-15,湖南省长沙市浏阳市沙市镇,27.5751763360433,851.7782311744598,5.559539710214243,88.61979810611345,80.67289237094042,3.012
2021-10-15,湖南省长沙市浏阳市沙市镇,15.66367403704126,1059.4234074922522,7.30911606824192,95.9778532355076,146.57632251413065,3.4783
2021-07-15,湖南省长沙市浏阳市沙市镇,36.573292833367546,661.8780153082273,6.750295310183042,65.02219889374587,227.1349340617008,2.7934
2022-07-15,湖南省长沙市浏阳市沙市镇,25.409370696931614,875.5363120681817,7.340319127584848,80.42803589807534,135.67484387619393,3.5958
2022-10-15,湖南省长沙市浏阳市沙市镇,22.573182260854484,1049.8697985792169,6.828932893924098,38.58243289245365,70.7953687357619,3.0668
2022-07-15,湖南省长沙市浏阳市沙市镇,23.81590696629996,540.131915597825,3.5920957146475483,100.0,173.94264843879157,2.6933
2023-07-15,湖南省长沙市浏阳市沙市镇,21.13587392731214,998.7443180493548,3.5920957146475483,89.89130320710511,115.07631995441926,1.6934
2023-10-15,湖南省长沙市浏阳市沙市镇,28.794846102466337,897.6295275608893,5.4897775978881445,33.387921183816616,169.6243424926707,2.8111
2023-07-15,湖南省长沙市浏阳市沙市镇,23.42365377679827,1241.0962316109458,6.720808507888092,89.54069194097744,114.45207267716914,3.7565
2013-07-15,湖南省长沙市浏阳市沙市镇,28.25695625652899,1204.648826131745,7.209784290583688,73.83493472755114,128.7476166894727,3.8425
2013-10-15,湖南省长沙市浏阳市沙市镇,29.77000881746601,2058.213742564209,6.624156590971303,98.4688377124597,319.4532255837122,3.3758
2013-07-15,湖南省长沙市浏阳市沙市镇,30.677828200903,321.8848953946901,5.959896906401215,20.0,95.88044103340816,2.669
2014-07-15,湖南省长沙市浏阳市沙市镇,27.85445255346584,856.3407643673265,6.735317961439099,67.05834781046474,321.91272138515774,3.734
2014-10-15,湖南省长沙市浏阳市沙市镇,38.0,807.6280107834905,4.867122161509627,49.07871724558732,264.1534923137736,2.1326
2014-07-15,湖南省长沙市浏阳市沙市镇,27.57523843153024,845.4856482081891,7.87004366117099,45.6659621859468,241.6087598146359,3.3181
2015-07-15,湖南省长沙市浏阳市沙市镇,27.568929754561044,667.1824843446014,6.534624738759246,73.06549126074344,193.50486266685047,3.6505
2015-10-15,湖南省长沙市浏阳市沙市镇,20.766031409657977,546.0164872600013,8.511593690347514,75.11470864945598,270.1456480586878,2.454
2015-07-15,湖南省长沙市浏阳市沙市镇,24.63585543671564,415.91947719111823,6.173376510914433,95.9778532355076,130.40114620868331,3.255
2016-07-15,湖南省长沙市浏阳市沙市镇,27.36618812286773,438.1186072151595,6.7174165756867135,98.42695150874953,110.9606027198283,3.2858
2016-10-15,湖南省长沙市浏阳市沙市镇,28.57000247046046,413.6673664105287,5.683962104605728,20.0,154.18225616575683,3.3455
2016-07-15,湖南省长沙市浏阳市沙市镇,27.06390463468249,745.0465193284314,4.904363239110317,48.31630302534752,136.74409650362324,2.9204
2017-07-15,湖南省长沙市浏阳市沙市镇,29.81688064622161,887.5191131760224,6.400030220183097,50.25240193004083,146.47002875210868,3.8439
2017-10-15,湖南省长沙市浏阳市沙市镇,20.89658840824145,609.5279240772754,6.877092093742476,98.44531808195056,397.1155248141098,3.0057
2017-07-15,湖南省长沙市浏阳市沙市镇,30.79297789503702,889.5132357803537,8.5,35.42445752307429,207.75015551719792,2.7272
2018-07-15,湖南省长沙市浏阳市沙市镇,28.93542301871226,1243.965829974152,8.204651005928135,34.990469016739965,167.0306740381642,3.0264
2018-10-15,湖南省长沙市浏阳市沙市镇,20.1265916488634,868.9616624371813,6.393880484430668,78.44586816080805,120.34859861598524,3.7265
2018-07-15,湖南省长沙市浏阳市沙市镇,28.28276804316915,955.159050361704,6.229723238989836,92.84911882966136,201.2009386404088,3.5947
2019-07-15,湖南省长沙市浏阳市沙市镇,19.04348251398676,1100.6255649771228,6.529251479701875,20.0,185.93978050105585,3.0569
2019-10-15,湖南省长沙市浏阳市沙市镇,27.36916460455894,502.2925140528459,6.267695506263831,71.42582941514776,164.05555586740593,3.9713
2019-07-15,湖南省长沙市浏阳市沙市镇,34.328872555723784,1540.1611132437476,7.096862181074263,48.65183731171321,123.07825904283096,2.8628
2020-07-15,湖南省长沙市浏阳市沙市镇,21.42824290986816,698.0256482692349,5.95388899726143,72.61556142730103,96.21794713048916,3.1733
2020-10-15,湖南省长沙市浏阳市沙市镇,26.465362366493405,841.489606935743,6.470258345844616,32.64398772369326,115.26289455906462,3.2178
2020-07-15,湖南省长沙市浏阳市沙市镇,26.161268485805017,669.8101573781568,5.641187272079311,45.39875396318772,159.08444376432112,3.7561
2021-07-15,湖南省长沙市浏阳市沙市镇,21.599876392107547,770.4683041533103,7.683227173712845,90.42130652014066,157.05531779323212,3.6719
2021-10-15,湖南省长沙市浏阳市沙市镇,26.73224104748488,1026.756487927982,7.319888153981797,46.787098256350205,126.10301798744707,3.3481
2021-07-15,湖南省长沙市浏阳市沙市镇,29.11030079997245,950.9854006449946,5.739581800188627,20.0,161.46745403018352,3.2567
2022-07-15,湖南省长沙市浏阳市沙市镇,28.43130095187257,1071.03471082733,6.103853910062679,74.85767943703739,158.49574720439296,3.957
2022-10-15,湖南省长沙市浏阳市沙市镇,34.48396491326974,1043.9220894888497,6.373263964214094,57.984435887968914,81.01755162615565,3.1096
2022-07-15,湖南省长沙市浏阳市沙市镇,21.23131917821255,223.9469233238728,5.890099237128077,79.3098619353897,194.6751839083878,3.3517
2023-07-15,湖南省长沙市浏阳市沙市镇,23.882686073370746,721.7135501122226,3.5920957146475483,61.47732992898043,96.50739060872972,3.0619
2023-10-15,湖南省长沙市浏阳市沙市镇,27.412362076215928,393.932043159682,5.3778467621190025,57.24070062185096,237.9126302088829,3.2337
2023-07-15,湖南省长沙市浏阳市沙市镇,19.64553750969444,342.5883650036582,5.264719505233725,95.9778532355076,245.5778457616429,2.9802
2013-07-15,湖南省长沙市浏阳市沙市镇,20.714212217918583,840.7261639752995,8.34389869200195,86.2028763734254,126.28298711902916,2.9676
2013-10-15,湖南省长沙市浏阳市沙市镇,36.12375057892537,571.0553530568857,8.1845797460169,61.96065235367922,189.48858216015373,2.7538
2013-07-15,湖南省长沙市浏阳市沙市镇,38.0,584.2269986111102,5.947941998222598,20.0,123.1273413040825,2.2539
2014-07-15,湖南省长沙市浏阳市沙市镇,23.67671583381022,540.2400688612822,6.438898086248634,63.59559276964767,146.2263679860085,4.1168
2014-10-15,湖南省长沙市浏阳市沙市镇,32.26767038578659,1269.5515797586631,4.919249182690558,86.83610678149292,128.2965698343968,2.9617
2014-07-15,湖南省长沙市湘江新区含浦街道,25.065009459389536,719.3016478089976,5.979136334849144,65.75083682973643,133.44291289823173,3.4722
2015-07-15,湖南省长沙市湘江新区含浦街道,29.13591624518012,653.4207254022008,6.287421372011432,86.63028172599482,145.3307138318116,3.7011
2015-10-15,湖南省长沙市湘江新区含浦街道,10.60633717147952,767.2674447042293,7.677544724769586,33.576952977642335,192.2095288935015,2.2022
2015-07-15,湖南省长沙市湘江新区含浦街道,26.70575987408322,910.2166071891892,8.511593690347514,85.1346014245413,100.52097958255877,2.6937
2016-07-15,湖南省长沙市湘江新区含浦街道,24.61449145292948,985.1090510962088,6.618211991401937,74.01925269552953,163.06309206523,3.9346
2016-10-15,湖南省长沙市湘江新区含浦街道,20.920948575172808,933.0841768046536,6.528790813738482,34.59426415518781,133.78394373816667,3.442
2016-07-15,湖南省长沙市湘江新区含浦街道,10.60633717147952,723.5300465394623,3.5920957146475483,37.01843143631049,188.51682776662207,1.5419
2017-07-15,湖南省长沙市湘江新区含浦街道,23.77305941998565,542.2736172907792,5.784936779362574,95.9778532355076,138.38342933786953,3.5239
2017-10-15,湖南省长沙市湘江新区含浦街道,36.12375057892537,994.44118097226,6.504601087097139,72.20737431809722,159.30932057192138,3.2076
2017-07-15,湖南省长沙市湘江新区含浦街道,16.936420644051744,818.1826507024799,5.732488353232564,81.67206409674696,178.5155162830387,3.3681
2018-07-15,湖南省长沙市湘江新区含浦街道,30.444752984836832,490.48489641993183,7.627374010445556,88.31833040510446,50.68651726863402,3.1137
2018-10-15,湖南省长沙市湘江新区含浦街道,21.998915614206027,1180.9036518806402,7.249949970651246,41.59438587206451,132.92246974477928,3.3479
2018-07-15,湖南省长沙市湘江新区含浦街道,25.99529847786735,635.2559068862848,5.659392572530356,74.35900844263703,239.7274947145774,3.5583
2019-07-15,湖南省长沙市湘江新区含浦街道,27.310517371316354,904.8784998080891,8.5,40.65192413006096,295.1266667588078,2.6627
2019-10-15,湖南省长沙市湘江新区含浦街道,20.092456744760245,1141.3118608144334,5.415789920220187,88.05296206523386,30.0,3.2605
2019-07-15,湖南省长沙市湘江新区含浦街道,36.12375057892537,925.179034357456,7.91823878290629,68.42938635180782,200.97507186279705,2.3278
2020-07-15,湖南省长沙市湘江新区含浦街道,30.8158187607748,968.6949861869774,5.911845643012249,82.27056485043042,138.61839039285556,3.1209
2020-10-15,湖南省长沙市湘江新区含浦街道,25.34901042495009,1210.097129803653,6.354748705745012,42.71837283533825,31.67465840137092,3.3177
2020-07-15,湖南省长沙市湘江新区含浦街道,17.8206892441028,336.30495809001246,5.405635202449856,75.37586034903443,231.6100878496808,2.504
2021-07-15,湖南省长沙市湘江新区含浦街道,25.65370288643045,1114.3738907391737,6.313114169619349,71.12778964146828,230.7561004702989,3.8852
2021-10-15,湖南省长沙市湘江新区含浦街道,22.799777566515083,581.2762510691903,7.554859069210886,75.75536380736968,186.49602998065137,3.3544
2021-07-15,湖南省长沙市湘江新区含浦街道,17.849293110196836,704.6658186991791,6.006855144245852,57.12026637513759,60.92371248482084,3.2133
2022-07-15,湖南省长沙市湘江新区含浦街道,33.16205651965818,1114.995287771415,7.712158688550331,73.69882076735797,168.8233909738144,3.1445
2022-10-15,湖南省长沙市湘江新区含浦街道,18.76108409017576,1274.967658907752,5.410650003414501,65.81849497457846,158.5187948324403,3.5522
2022-07-15,湖南省长沙市湘江新区含浦街道,23.7371592430342,549.0116212128107,5.519592590201962,49.05772867550039,397.1155248141098,2.9781
2023-07-15,湖南省长沙市湘江新区含浦街道,32.20636644533058,727.7266264719141,5.823758791757576,24.449474208215044,139.52112325910232,3.0869
2023-10-15,湖南省长沙市湘江新区含浦街道,23.0734320156912,869.9617891955622,6.179440417473814,52.3813833252442,397.1155248141098,3.5094
2023-07-15,湖南省长沙市湘江新区含浦街道,25.56758672625624,818.0965743598916,5.228579222874864,95.9778532355076,63.36446717557459,3.6937
2013-07-15,湖南省长沙市湘江新区含浦街道,28.31065337260524,403.0186930684685,8.511593690347514,54.040083625177246,176.6912122534493,3.303
2013-10-15,湖南省长沙市湘江新区含浦街道,29.49799937716625,558.8082803579066,6.566592571751668,62.05319546756988,155.47888371668097,3.5396
2013-07-15,湖南省长沙市湘江新区含浦街道,21.535452023696728,1283.051458813582,6.457631589458327,95.9778532355076,279.54726927619754,3.6939
2014-07-15,湖南省长沙市湘江新区含浦街道,26.78507742982524,223.9469233238728,6.654048077701772,100.0,147.5251122612478,3.068
2014-10-15,湖南省长沙市湘江新区含浦街道,29.248010485105123,368.0677360669747,6.598498348024681,47.77380840605784,275.96445123015053,3.4448
2014-07-15,湖南省长沙市湘江新区含浦街道,36.12375057892537,1034.8511494213676,6.218197619313276,74.58006286785518,24.09543193513789,2.798
2015-07-15,湖南省长沙市湘江新区含浦街道,22.53499532670584,598.3165183437204,4.0,86.88359095042951,66.61319140843986,2.7061
2015-10-15,湖南省长沙市湘江新区含浦街道,23.959388748213623,774.6311002568575,6.636137740131288,68.99220836805566,24.09543193513789,3.421
2015-07-15,湖南省长沙市湘江新区含浦街道,21.88650240089703,707.7729666205221,5.819117095492102,73.93073013881423,208.67233633266827,3.334
2016-07-15,湖南省长沙市湘江新区含浦街道,26.40495933867516,1477.0254189302352,8.19743218133677,63.82559145790743,65.06855598517761,3.0832
2016-10-15,湖南省长沙市湘江新区含浦街道,27.941586032422883,360.9782124719935,7.500021715092823,48.25819732769921,150.53146222013373,3.4503
2016-07-15,湖南省长沙市湘江新区含浦街道,24.24107452482208,1848.7633368800296,8.184348516124981,87.8013569299032,208.54940023731385,2.7361
2017-07-15,湖南省长沙市湘江新区含浦街道,15.239561002387491,362.9486391820032,5.864576893164244,33.28748586460814,198.3344821683704,2.3838
2017-10-15,湖南省长沙市湘江新区含浦街道,35.665166873281336,632.8159098911898,6.619598678217449,58.57681922588595,217.25802141686268,2.6398
2017-07-15,湖南省长沙市湘江新区含浦街道,18.810922505865754,1028.230892587806,4.81842290023256,81.74308972662769,93.51580985987852,3.2719
2018-07-15,湖南省长沙市湘江新区含浦街道,32.93008408072676,617.7420972960572,5.341714003633996,60.71699378577623,174.69394314985692,3.2447
2018-10-15,湖南省长沙市湘江新区含浦街道,19.878061793328552,1195.0876510060111,5.875123582234449,53.61703602654932,186.0439809087355,3.5685
2018-07-15,湖南省长沙市湘江新区含浦街道,12.0,553.2705268235411,8.511593690347514,96.80807137147278,130.91048990292427,2.0889
2019-07-15,湖南省长沙市湘江新区含浦街道,24.702373219691,353.2998934628084,7.3112035278626735,72.85827021096432,227.3521830844124,3.6722
2019-10-15,湖南省长沙市湘江新区含浦街道,20.365347642109583,734.7377754248168,7.149364684337527,100.0,74.60607984327387,3.1821
2019-07-15,湖南省长沙市湘江新区含浦街道,21.03739630783649,884.5205191488122,3.5920957146475483,24.449474208215044,173.3291346158228,2.371
2020-07-15,湖南省长沙市湘江新区含浦街道,29.26216667398112,855.3958327713802,7.971393548348804,100.0,24.09543193513789,2.5719
2020-10-15,湖南省长沙市湘江新区含浦街道,10.60633717147952,996.3962488724025,6.092618632618189,48.74908459756029,60.72829779056262,2.5382
2020-07-15,湖南省长沙市湘江新区含浦街道,25.93227157384714,1175.6638729279452,6.138367476382841,100.0,120.85927532549718,3.7115
2021-07-15,湖南省长沙市湘江新区含浦街道,14.874287066711965,590.3148681609197,3.5920957146475483,56.08699393940011,69.59250626071285,2.1629
2021-10-15,湖南省长沙市湘江新区含浦街道,28.169595111590056,584.2040029611342,6.395208083105272,77.05160535956682,142.76476869159185,3.6482
2021-07-15,湖南省长沙市湘江新区含浦街道,35.719720446626624,223.9469233238728,5.32673044399607,62.53727129295465,229.82594066272893,1.8865
2022-07-15,湖南省长沙市湘江新区含浦街道,21.74199826197092,1031.9040086761431,6.254121244249566,82.16278141868031,117.0504634941734,4.1371
2022-10-15,湖南省长沙市湘江新区含浦街道,25.22785919951907,798.552613428461,8.511593690347514,75.61788628431898,33.87420241717163,3.076
2022-07-15,湖南省长沙市湘江新区含浦街道,26.08229294790988,1134.1845899646985,8.511593690347514,81.19188871943771,89.24133351341463,3.1469
2023-07-15,湖南省长沙市湘江新区含浦街道,21.34816684141432,223.9469233238728,7.06313545516826,50.6685302315179,78.34880091528935,2.6656
2023-10-15,湖南省长沙市湘江新区含浦街道,28.39798874467338,818.6946936291611,8.119824604982648,65.50770555944544,213.5970101857426,3.3816
2023-07-15,湖南省长沙市湘江新区含浦街道,21.42348145370016,588.3723055762473,6.336773571769093,67.73194791177505,159.99827371871032,3.3446
2013-07-15,湖南省长沙市湘江新区含浦街道,19.61127611035347,530.3560435895295,5.924055188576272,35.10487707100712,133.9116516454942,3.5881
2013-10-15,湖南省长沙市湘江新区含浦街道,25.32140009547732,1172.9550311643077,5.585718689203358,31.664731864216044,185.0714431102461,3.4189
2013-07-15,湖南省长沙市湘江新区含浦街道,24.426317792665504,223.9469233238728,6.549671056300265,37.48978220862514,79.56760042163828,3.3292
2014-07-15,湖南省长沙市湘江新区含浦街道,22.64034067105284,931.514774038521,7.263697715848047,52.97746894662306,397.1155248141098,3.7266
2014-10-15,湖南省长沙市湘江新区含浦街道,27.524936394902287,748.9461000480345,6.441235287723271,24.449474208215044,216.7580583121981,3.5267
2014-07-15,湖南省长沙市湘江新区含浦街道,18.99851796472112,1126.1585553185914,6.579504732367698,82.02248196760476,155.13568223667153,3.6013
2015-07-15,湖南省长沙市湘江新区含浦街道,28.873170267146683,987.0566308852276,7.270250447971066,97.46513381056108,220.2661183001736,3.8214
2015-10-15,湖南省长沙市湘江新区含浦街道,27.219097140731144,809.3068810999421,7.517686412736359,45.031182942465634,228.6363547688078,3.5001
2015-07-15,湖南省长沙市湘江新区含浦街道,21.46165267190609,785.3104432933328,5.281284671325125,74.72619986700442,178.06140623153314,3.155
2016-07-15,湖南省长沙市湘江新区含浦街道,31.33455574593312,200.0,5.588664696907904,69.79715491698593,108.65329213669258,2.857
2016-10-15,湖南省长沙市湘江新区含浦街道,22.578829635668743,554.300992952397,6.325849390250779,77.4617469577819,122.56688764084824,3.7468
2016-07-15,湖南省长沙市湘江新区含浦街道,17.403150170229935,885.7755981427947,7.058650915013811,98.0661927435706,133.52137503802214,2.7293
2017-07-15,湖南省长沙市湘江新区含浦街道,30.162326302755734,470.38925678458986,6.917395130733917,52.2282834970994,150.13389732974412,3.6823
2017-10-15,湖南省长沙市湘江新区含浦街道,35.610780985063165,1284.971148235225,6.667037000726356,73.93963434019705,129.7273334715716,3.163
2017-07-15,湖南省长沙市湘江新区含浦街道,29.58930973527388,223.9469233238728,3.5920957146475483,21.92538852417077,182.5321804145429,1.7069
2018-07-15,湖南省长沙市湘江新区含浦街道,18.69558022832477,803.0525212224292,6.32018336861996,78.71715637216838,137.27461980477446,3.7263
2018-10-15,湖南省长沙市湘江新区含浦街道,27.02490855480477,2058.213742564209,7.260321875349858,65.01511014909191,183.88734635445888,3.4625
2018-07-15,湖南省长沙市湘江新区含浦街道,33.82727120140548,548.393142888832,6.293875492747359,84.514267553385,170.1032611147303,3.8767
2019-07-15,湖南省长沙市湘江新区含浦街道,21.73335383713144,786.5705577840477,5.640766857903579,53.15518310374371,196.98959326662063,3.6578
2019-10-15,湖南省长沙市湘江新区含浦街道,22.62527344419522,1086.1015034497343,6.579756526899216,71.7591110829005,196.3708703126234,4.1764
2019-07-15,湖南省长沙市湘江新区含浦街道,23.32749382079525,854.5517111615183,6.565350596097764,89.47711837085187,133.29762194352637,0.887
2020-07-15,湖南省长沙市湘江新区含浦街道,29.328775970850607,405.7798074397881,5.994983149632664,67.51802776789918,145.73278255017985,3.7404
2020-10-15,湖南省长沙市湘江新区含浦街道,26.536497604383047,1023.8264358619052,4.0,84.27850846111141,127.17264575001892,2.947
2020-07-15,湖南省长沙市湘江新区含浦街道,26.48492336616593,2058.213742564209,6.305323337642003,69.16645017251184,139.31860259616968,3.7976
2021-07-15,湖南省长沙市湘江新区含浦街道,18.39771693457861,702.3911364945756,4.797871293461612,57.2691676820448,34.633693676259824,2.7782
2021-10-15,湖南省长沙市湘江新区含浦街道,21.615389998470206,854.1749619825089,6.659647769407903,71.16019804434681,227.94898923286004,3.0454
2021-07-15,湖南省长沙市湘江新区含浦街道,10.60633717147952,368.1307839871448,5.944691944613953,95.9778532355076,169.99383209940132,2.833
2022-07-15,湖南省长沙市湘江新区含浦街道,26.620419846973974,1162.7798332906218,7.693644865573228,78.95173940678399,135.1598421662149,3.8005
2022-10-15,湖南省长沙市湘江新区含浦街道,16.18479922318633,842.2816656774311,8.511593690347514,61.71516029935936,70.01111949136747,2.4108
2022-07-15,湖南省长沙市湘江新区含浦街道,26.71809144784231,223.9469233238728,7.651129405958191,100.0,169.96315977511128,3.004
2023-07-15,湖南省长沙市湘江新区含浦街道,30.285611131094576,539.6000001384358,7.56687008837604,32.53234940117513,97.34295858822568,3.3424
2023-10-15,湖南省长沙市湘江新区含浦街道,28.05838144420434,843.5716150344996,7.0714083877187806,38.94310472950509,397.1155248141098,3.4402
2023-07-15,湖南省长沙市湘江新区含浦街道,22.696806145201062,1164.2808951377838,5.958874627465157,69.1015067846926,106.39355172996942,3.2757
2013-07-15,湖南省长沙市湘江新区含浦街道,17.607390048162863,1125.3581139485264,8.013336278355725,77.52869344907889,244.5525485701181,3.1144
2013-10-15,湖南省长沙市湘江新区含浦街道,23.494481522053555,938.0211819042314,6.247048300774236,58.62307289010538,132.01823660014114,0.7475
2013-07-15,湖南省长沙市湘江新区含浦街道,24.4217585880588,1471.9229119783597,7.198320815756202,67.14415924080268,104.29437775904124,3.5552
2014-07-15,湖南省长沙市湘江新区含浦街道,25.85684140594985,541.2942880809667,4.0,36.90366112144986,209.67349414449728,2.7022
2014-10-15,湖南省长沙市湘江新区含浦街道,28.692332899977053,1016.8088028567856,5.924118287541679,45.3734812696507,397.1155248141098,3.3877
2014-07-15,湖南省长沙市湘江新区含浦街道,25.984306179345616,2058.213742564209,8.511593690347514,75.33288891871935,83.20230995312212,3.3875
2015-07-15,湖南省长沙市湘江新区含浦街道,21.400778958026457,946.982174840022,6.8980280299618695,63.40183094674901,147.13204497691262,3.557
2015-10-15,湖南省长沙市湘江新区含浦街道,30.15499761247976,2058.213742564209,7.284781584014189,74.04135676519343,107.15609292106927,3.0448
2015-07-15,湖南省长沙市湘江新区含浦街道,29.656400595581,893.9356489241792,7.12152184861589,57.88051831228334,220.7051590538232,3.852
2016-07-15,湖南省长沙市湘江新区含浦街道,20.803912383886807,223.9469233238728,6.167342819436827,65.58381007871135,397.1155248141098,3.1219
2016-10-15,湖南省长沙市湘江新区含浦街道,32.690182832329846,990.887950531583,8.164801829240453,67.78995592294918,150.10769237268642,2.6859
2016-07-15,湖南省长沙市湘江新区含浦街道,10.60633717147952,469.5014253861793,6.383489621653018,70.94924106235634,125.75057043124184,2.3976
2017-07-15,湖南省长沙市湘江新区含浦街道,21.77440122697438,573.3489996200735,5.569335782039613,20.0,164.60850462820622,3.4834
2017-10-15,湖南省长沙市湘江新区含浦街道,10.60633717147952,934.2198039400378,5.845598104831485,32.48911932875878,242.5641820367865,2.6218
2017-07-15,湖南省长沙市湘江新区含浦街道,30.01766448946012,314.64982833250343,8.121226879726228,66.89242089338715,159.98958762690748,2.6592
2018-07-15,湖南省长沙市湘江新区含浦街道,24.63994939209833,759.0657609937485,6.797083451490835,30.05556666069489,172.3588911888033,3.656
2018-10-15,湖南省长沙市湘江新区含浦街道,31.781200142854114,1037.8798821457754,6.987905445074186,100.0,53.04921174199008,2.9369
2018-07-15,湖南省长沙市湘江新区含浦街道,29.062629111970992,917.1839533188084,5.36453330418983,62.8605706028304,24.09543193513789,3.4842
2019-07-15,湖南省长沙市湘江新区含浦街道,19.018966879596647,1001.6181557281302,7.791635226760446,95.9778532355076,64.11870917673437,2.682
2019-10-15,湖南省长沙市湘江新区含浦街道,19.46832512996986,1317.5351996775717,5.758016571908056,24.449474208215044,248.2326986821712,3.5891
2019-07-15,湖南省长沙市湘江新区含浦街道,24.07170511668092,1035.3800955310126,8.439988391476335,100.0,150.7513118597872,3.0979
2020-07-15,湖南省长沙市湘江新区含浦街道,22.60412881077355,1432.8333783927378,5.945662032686669,74.14648562173531,159.9144030038955,3.7621
2020-10-15,湖南省长沙市湘江新区含浦街道,29.8777256356118,461.7730831560476,5.930972637724807,51.310165387744064,397.1155248141098,2.8996
2020-07-15,湖南省长沙市湘江新区含浦街道,26.65631715701782,1088.5563068614815,6.375572676893581,40.3491937755944,139.67751844407164,3.5421
2021-07-15,湖南省长沙市湘江新区含浦街道,23.453938120743928,591.1542923110637,7.593697640691442,78.95948060260196,75.85781867703547,3.6249
2021-10-15,湖南省长沙市湘江新区含浦街道,18.359069755507846,469.3159034410552,6.797394853531108,65.58861183355104,203.5117813296449,3.6672
2021-07-15,湖南省长沙市湘江新区含浦街道,15.201649380601122,561.6721839593959,7.287030836871613,82.06403090103109,201.0431636676388,2.9538
2022-07-15,湖南省长沙市湘江新区含浦街道,26.044317975023777,493.0316701570106,6.356884263036222,95.9778532355076,176.69375370059305,3.8277
2022-10-15,湖南省长沙市湘江新区含浦街道,18.895781750144888,1217.1282423219145,8.511593690347514,58.37137257436994,65.46485383856853,3.0035
2022-07-15,湖南省长沙市湘江新区含浦街道,22.18856235379513,788.7929476274184,6.286527864000581,93.240537570865,30.0,3.2093
2023-07-15,湖南省长沙市湘江新区含浦街道,16.375410837434835,642.9366856139428,6.972917084525496,76.58693519513551,137.1277401289222,3.7924
2023-10-15,湖南省长沙市湘江新区含浦街道,15.43359877671101,681.5607311227708,6.454535023870996,59.37749030223827,105.45079333382402,3.2476
2023-07-15,湖南省长沙市湘江新区含浦街道,26.20981135783017,848.4073773927524,5.438706468288518,53.51834845825461,99.68996301696286,3.2302
2013-07-15,湖南省长沙市湘江新区含浦街道,22.67135123214872,1288.7028810047805,6.235962238005599,61.19107628141566,132.6011187338016,3.9048
2013-10-15,湖南省长沙市湘江新区含浦街道,22.682911535937688,223.9469233238728,5.96382783337601,85.45682943101528,170.0596232732102,3.4928
2013-07-15,湖南省长沙市湘江新区含浦街道,27.712800217929825,785.2899879699565,5.116537488171634,65.86081741700775,30.0,3.5229
2014-07-15,湖南省长沙市湘江新区含浦街道,22.65262807032524,636.366200318077,5.8958323966841455,62.10242876104226,194.98472852630087,3.9121
2014-10-15,湖南省长沙市湘江新区含浦街道,28.837173645764544,1142.648008475859,5.922249491845824,63.94989862922696,147.52442084099638,3.5775
2014-07-15,湖南省长沙市湘江新区含浦街道,32.896064077536955,293.4313049630947,6.642809392442583,67.71718848163314,149.7556297727139,3.0256
2015-07-15,湖南省长沙市芙蓉区隆平水稻博物馆附近,23.8293152152541,494.13151048403415,7.64706137784043,60.38827202952774,120.95897258267492,3.3371
2015-10-15,湖南省长沙市芙蓉区隆平水稻博物馆附近,10.60633717147952,223.9469233238728,3.5920957146475483,20.83438447543496,88.21822562201638,1.4989
2015-07-15,湖南省长沙市芙蓉区隆平水稻博物馆附近,32.61514928204013,881.4264481402828,7.301080963788186,40.70387728222713,188.5136473715183,3.4306
2016-07-15,湖南省长沙市芙蓉区隆平水稻博物馆附近,28.23844269050346,957.128065233704,6.172058079732641,56.0407732310005,203.59130083243508,3.4624
2016-10-15,湖南省长沙市芙蓉区隆平水稻博物馆附近,24.308678494144075,223.9469233238728,8.511593690347514,52.923234050136266,189.770465581298,3.3674
2016-07-15,湖南省长沙市芙蓉区隆平水稻博物馆附近,19.93584439832788,527.1905691078161,7.162725826519266,52.43712521661644,107.922625752507,3.2795
2017-07-15,湖南省长沙市芙蓉区隆平水稻博物馆附近,24.820869804450243,716.2674575300919,5.615841520056232,59.30326124515597,157.06244510765748,3.7486
2017-10-15,湖南省长沙市芙蓉区隆平水稻博物馆附近,26.571236662976368,808.6627169447031,8.511593690347514,66.97867574057767,97.4511105212224,2.9949
2017-07-15,湖南省长沙市芙蓉区隆平水稻博物馆附近,17.938481493323543,1292.4580845932455,6.621814705774858,45.14843986542354,101.66839904936876,2.7255
2018-07-15,湖南省长沙市芙蓉区隆平水稻博物馆附近,29.112724560515943,768.0046125690812,7.243901676880293,76.40842346721591,211.8992264745105,3.2401
2018-10-15,湖南省长沙市芙蓉区隆平水稻博物馆附近,19.71144535522049,1308.598859860907,4.83013233332627,44.15456823905503,237.3360287554379,3.1425
2018-07-15,湖南省长沙市芙蓉区隆平水稻博物馆附近,24.93251387631033,1255.2560327191616,6.2596717625669855,61.08429458062837,187.1016339755799,4.0657
2019-07-15,湖南省长沙市芙蓉区隆平水稻博物馆附近,34.26139092254469,286.26816273070585,8.00945769340769,37.88059310280072,140.39219162412377,1.8227
2019-10-15,湖南省长沙市芙蓉区隆平水稻博物馆附近,10.60633717147952,200.0,7.118109102540588,92.819447160028,239.5801862665922,2.6088
2019-07-15,湖南省长沙市芙蓉区隆平水稻博物馆附近,23.54153125103361,892.0813122078655,6.3640727101442325,40.337973899702895,114.18038469474403,3.6804
2020-07-15,湖南省长沙市芙蓉区隆平水稻博物馆附近,21.99680655040597,960.9174116853376,6.881244266478073,64.09491396071327,174.581120624793,3.3076
2020-10-15,湖南省长沙市芙蓉区隆平水稻博物馆附近,26.87849009172836,1002.3203724482958,5.847191515830197,95.9778532355076,24.09543193513789,2.9069
2020-07-15,湖南省长沙市芙蓉区隆平水稻博物馆附近,19.245032112888488,733.4519656231124,7.82596997047509,64.642100459833,135.96613197278435,3.4548
2021-07-15,湖南省长沙市芙蓉区隆平水稻博物馆附近,25.55461294854933,452.8040039046547,7.095702250175515,69.04560815242438,182.5819367573792,3.6949
2021-10-15,湖南省长沙市芙蓉区隆平水稻博物馆附近,22.278086377374088,1424.7046232286757,6.253757878051283,57.32250517338434,120.00765417534888,3.5512
2021-07-15,湖南省长沙市芙蓉区隆平水稻博物馆附近,17.87625906893272,1087.050119346829,6.070936123098542,72.33492815784514,204.13628399660715,3.6206
2022-07-15,湖南省长沙市芙蓉区隆平水稻博物馆附近,25.33764102343962,1602.0532911189434,6.029756407696719,29.618993925212024,209.6610911889254,3.204
2022-10-15,湖南省长沙市芙蓉区隆平水稻博物馆附近,23.871118497567323,222.65355168534504,8.5,35.686522853158095,242.5365976596781,2.3665
2022-07-15,湖南省长沙市芙蓉区隆平水稻博物馆附近,32.32824384460777,774.9196584227237,8.045257169754743,65.40834334425836,137.0931719897706,2.9641
2023-07-15,湖南省长沙市芙蓉区隆平水稻博物馆附近,20.459879622393945,784.3940934625957,7.50338276421994,71.7671488387192,181.96699255935744,3.2378
2023-10-15,湖南省长沙市芙蓉区隆平水稻博物馆附近,27.60970782808449,223.9469233238728,7.050787735116764,52.28917802368887,184.6243310301084,3.5956
2023-07-15,湖南省长沙市芙蓉区隆平水稻博物馆附近,32.82321827907003,1108.311321981707,4.0,62.87611819920494,49.69432360030997,3.0688
2013-07-15,湖南省长沙市芙蓉区隆平水稻博物馆附近,29.10951252187612,658.7513070458521,7.449522917961008,59.83649723937131,181.19226108611468,4.1067
2013-10-15,湖南省长沙市芙蓉区隆平水稻博物馆附近,22.16851135198614,859.846382683224,5.003800845923998,53.69214059429197,217.66728162669875,3.0037
2013-07-15,湖南省长沙市芙蓉区隆平水稻博物馆附近,20.04731837434656,749.4480107195395,7.958025275564324,46.57097953142157,146.52980325734438,2.929
2014-07-15,湖南省长沙市芙蓉区隆平水稻博物馆附近,35.952278129049894,617.4241741980737,6.846636196565839,45.11289868738253,111.73147842840385,2.864
2014-10-15,湖南省长沙市芙蓉区隆平水稻博物馆附近,27.934285469001352,675.6625694689021,5.349827939685612,100.0,156.370975166413,3.2744
2014-07-15,湖南省长沙市芙蓉区隆平水稻博物馆附近,17.990744686038596,1071.0442125622044,7.752615719619557,54.09627510547356,153.58151283478418,3.4681
2015-07-15,湖南省长沙市芙蓉区隆平水稻博物馆附近,10.60633717147952,938.4537215047428,8.5,24.449474208215044,397.1155248141098,1.2405
2015-10-15,湖南省长沙市芙蓉区隆平水稻博物馆附近,25.498256825438204,602.5179670396046,6.576983141407154,69.86269310276978,156.83824008766635,4.0947
2015-07-15,湖南省长沙市芙蓉区隆平水稻博物馆附近,20.453062726026303,833.2668436663304,5.795177829002017,22.5210483459867,306.4115497889862,3.5756
2016-07-15,湖南省长沙市芙蓉区隆平水稻博物馆附近,28.75966516343388,2058.213742564209,3.5920957146475483,41.06884142766627,210.9132535088583,2.2055
2016-10-15,湖南省长沙市芙蓉区隆平水稻博物馆附近,30.714114072575104,223.9469233238728,4.8105426616848055,72.16689022152006,126.8332334348315,2.3973
2016-07-15,湖南省长沙市芙蓉区隆平水稻博物馆附近,19.15660981190234,443.2781402588458,6.66984469724903,53.17443981260588,93.59904407257476,3.3529
2017-07-15,湖南省长沙市芙蓉区隆平水稻博物馆附近,24.826441151473784,236.13181159699343,6.833240036522429,40.446400710878855,136.33374125258192,3.3544
2017-10-15,湖南省长沙市芙蓉区隆平水稻博物馆附近,26.507736711668063,1117.982166817745,6.416072745127325,93.88824390110176,88.86780257599588,3.6145
2017-07-15,湖南省长沙市芙蓉区隆平水稻博物馆附近,24.038195176094387,862.2948006212275,7.0886526793824345,26.90650613069073,212.4034734476033,3.3148
2018-07-15,湖南省长沙市芙蓉区隆平水稻博物馆附近,28.95515973521524,1021.4241124728952,6.132929594018328,35.12980443493713,156.47903524351372,3.6948
2018-10-15,湖南省长沙市芙蓉区隆平水稻博物馆附近,22.482621729419005,681.8728050580364,6.624072725719493,55.59593322429377,102.39241620699173,3.5401
2018-07-15,湖南省长沙市芙蓉区隆平水稻博物馆附近,17.246682844669337,919.3105311521888,5.225507117500977,77.24664428005025,94.49492277128188,2.7999
2019-07-15,湖南省长沙市芙蓉区隆平水稻博物馆附近,25.342814874030136,847.3252343089146,6.87955030461223,45.42823220022692,122.9878865000494,3.8666
2019-10-15,湖南省长沙市芙蓉区隆平水稻博物馆附近,18.81524644560959,1080.135173861703,6.943523738462415,95.9778532355076,248.35539100450512,3.3831
2019-07-15,湖南省长沙市芙蓉区隆平水稻博物馆附近,28.90911435888655,613.5118477892291,8.432459497449553,51.0456219220351,253.384483058775,2.5837
2020-07-15,湖南省长沙市芙蓉区隆平水稻博物馆附近,26.29941397124212,1286.4800299298963,5.73970905243602,51.85730075443884,175.6777575931581,4.1207
2020-10-15,湖南省长沙市芙蓉区隆平水稻博物馆附近,25.92316929266152,402.1714822859431,5.674015821973484,53.00357212165877,116.68283384393784,3.758
2020-07-15,湖南省长沙市芙蓉区隆平水稻博物馆附近,16.96258382719386,865.9751451817802,6.373119285897806,53.66589783889894,140.36642342989217,3.3458
2021-07-15,湖南省长沙市芙蓉区隆平水稻博物馆附近,31.53571377141214,989.2447547433856,7.006877456390561,29.12157773616073,161.51337270129883,3.1181
2021-10-15,湖南省长沙市芙蓉区隆平水稻博物馆附近,26.13729967302065,1181.2098755276577,5.978093249894971,58.30394025110997,102.2417775689701,3.759
2021-07-15,湖南省长沙市芙蓉区隆平水稻博物馆附近,10.60633717147952,781.5370178359854,6.590182637496899,89.5606041921627,109.20668761582884,2.6628
2022-07-15,湖南省长沙市芙蓉区隆平水稻博物馆附近,29.067586086848348,223.9469233238728,5.087705680070145,95.9778532355076,99.98410302201562,3.3751
2022-10-15,湖南省长沙市芙蓉区隆平水稻博物馆附近,23.38969241897162,2058.213742564209,6.856216709814462,52.37125945033633,39.97765394223393,3.3696
2022-07-15,湖南省长沙市芙蓉区隆平水稻博物馆附近,21.08373353831881,1094.92481156177,4.442033246603245,58.98039375213556,158.65860116610477,3.1302
2023-07-15,湖南省长沙市芙蓉区隆平水稻博物馆附近,32.7496720250877,508.9988097472872,8.5,54.638619610498864,130.81042332667462,2.6735
2023-10-15,湖南省长沙市芙蓉区隆平水稻博物馆附近,20.402878828830985,798.947602397438,6.250635898374054,20.52851664125606,69.5706815180138,3.1608
2023-07-15,湖南省长沙市芙蓉区隆平水稻博物馆附近,27.36796215317591,277.6792069812053,8.008047591419153,29.03570521181785,221.61519212857573,2.2948
2013-07-15,湖南省长沙市芙蓉区隆平水稻博物馆附近,19.688481431369475,744.3988631552726,7.616246390518125,37.36816563072838,154.43180606465282,2.6539
2013-10-15,湖南省长沙市芙蓉区隆平水稻博物馆附近,37.316210562426434,484.110476479908,7.380285078983781,56.59944545411675,186.1484061769418,2.66
2013-07-15,湖南省长沙市芙蓉区隆平水稻博物馆附近,25.301151049705133,855.4702450786931,6.910532014409252,68.68618128156207,198.94526919912417,3.8694
2014-07-15,湖南省长沙市芙蓉区隆平水稻博物馆附近,24.867430622753915,671.2844219456448,4.623281269317263,81.41107005775794,176.64871026523545,3.4753
2014-10-15,湖南省长沙市芙蓉区隆平水稻博物馆附近,15.406143923504793,200.0,7.130148776427862,42.93631237533813,132.57351107933104,2.561
2014-07-15,湖南省长沙市芙蓉区隆平水稻博物馆附近,25.4853877467402,330.5259892342192,5.928625747582723,69.3792783171195,198.601634310367,3.5712
2015-07-15,湖南省长沙市芙蓉区隆平水稻博物馆附近,27.56633716556678,1465.6219031602527,7.364243614734226,93.838848039052,169.01712041904693,3.4175
2015-10-15,湖南省长沙市芙蓉区隆平水稻博物馆附近,22.351198981164806,927.5907212683584,4.639552000075693,87.06435144107317,151.3133292698901,3.1745
2015-07-15,湖南省长沙市芙蓉区隆平水稻博物馆附近,26.643755548298422,1186.7809588146908,7.15839251192249,60.38676666720583,233.5152532607952,3.9929
2016-07-15,湖南省长沙市芙蓉区隆平水稻博物馆附近,29.57701058851037,865.7695003264921,8.018718352716794,100.0,193.78916173605785,2.587
2016-10-15,湖南省长沙市芙蓉区隆平水稻博物馆附近,22.49121478207732,1126.95066093513,5.779373942409232,57.77981553494861,167.601122179379,3.7291
2016-07-15,湖南省长沙市芙蓉区隆平水稻博物馆附近,20.95753198553406,758.9650175091713,6.973934099211351,20.0,235.14213668203584,3.2769
2017-07-15,湖南省长沙市芙蓉区隆平水稻博物馆附近,22.40864890863176,545.1839254532285,7.714973511292237,67.73493294798462,101.40659405463552,3.753
2017-10-15,湖南省长沙市芙蓉区隆平水稻博物馆附近,32.38947022370758,979.4173089358726,6.6815133315075546,95.9778532355076,24.09543193513789,2.8958
2017-07-15,湖南省长沙市芙蓉区隆平水稻博物馆附近,26.78556285755873,656.42676661356,5.3125345982615615,100.0,185.96704117930224,2.8894
2018-07-15,湖南省长沙市芙蓉区隆平水稻博物馆附近,23.90164056081244,1244.371564576641,7.252682315286057,56.7896303454054,397.1155248141098,3.6093
2018-10-15,湖南省长沙市芙蓉区隆平水稻博物馆附近,15.062155426995536,877.3282648580333,8.511593690347514,60.23532649888765,141.5667908698541,2.294
2018-07-15,湖南省长沙市芙蓉区隆平水稻博物馆附近,25.45880388267751,356.80158772815804,5.464089014987543,70.90465150081207,192.5646588351963,3.3262
2019-07-15,湖南省长沙市芙蓉区隆平水稻博物馆附近,23.504963247670663,883.9527982992826,7.347932173353264,52.01270360772238,186.9098390567148,3.7082
2019-10-15,湖南省长沙市芙蓉区隆平水稻博物馆附近,25.435235341190857,1145.088807890418,5.486194067360137,75.2024872250015,162.60049848135534,4.1777
2019-07-15,湖南省长沙市芙蓉区隆平水稻博物馆附近,29.84322495266445,734.8419949817105,6.696563547642464,48.16356736263696,106.50833497199687,3.4043
2020-07-15,湖南省长沙市芙蓉区隆平水稻博物馆附近,12.0,563.3177693722789,6.559767837373283,100.0,312.61989866009355,2.3046
2020-10-15,湖南省长沙市芙蓉区隆平水稻博物馆附近,21.48973453061324,474.6398620123846,7.50800400429326,20.0,153.24309977076007,3.207
2020-07-15,湖南省长沙市芙蓉区隆平水稻博物馆附近,23.03945923433921,497.8448918581881,4.854407385958186,48.70487994352904,92.63648689899634,3.0633
2021-07-15,湖南省长沙市芙蓉区隆平水稻博物馆附近,24.627770421169163,1070.4832743705222,7.020553057732427,62.607607512624575,137.7386564012611,5.2833
2021-10-15,湖南省长沙市芙蓉区隆平水稻博物馆附近,26.28775195361382,856.9135186176576,5.3324657846873045,95.9778532355076,203.4806340963148,3.261
2021-07-15,湖南省长沙市芙蓉区隆平水稻博物馆附近,25.8728890641592,1278.8239206599446,3.5920957146475483,24.449474208215044,219.9917001732602,2.7853
2022-07-15,湖南省长沙市芙蓉区隆平水稻博物馆附近,34.43092950605265,1008.163533494196,6.814479472483405,68.2117886634352,191.6294072315461,3.263
2022-10-15,湖南省长沙市芙蓉区隆平水稻博物馆附近,27.02025428407269,615.3113976507306,6.248419169234421,65.6875061805292,46.55629134791788,3.563
2022-07-15,湖南省长沙市芙蓉区隆平水稻博物馆附近,24.19357144166996,968.0919323969316,5.291821176354412,62.81953160073073,305.92937400447494,3.8461
2023-07-15,湖南省长沙市芙蓉区隆平水稻博物馆附近,20.988613653891903,735.8863544012355,6.859302580085755,31.510610790935097,148.18421654418086,2.9921
2023-10-15,湖南省长沙市芙蓉区隆平水稻博物馆附近,23.286427417366152,538.9197349457079,6.1710559146426975,53.06210430536058,238.07102669983857,3.9701
2023-07-15,湖南省长沙市芙蓉区隆平水稻博物馆附近,22.896773386173205,1080.7644668815146,6.35571205736326,88.93821897522704,186.4373409061016,4.0966
2013-07-15,湖南省长沙市芙蓉区隆平水稻博物馆附近,17.92314628974793,510.7116080730896,6.596970176760849,42.703556252951714,397.1155248141098,3.1279
2013-10-15,湖南省长沙市芙蓉区隆平水稻博物馆附近,23.827064333124262,702.7325543005129,6.130613267936315,70.37187162088595,192.79597504779247,4.2484
2013-07-15,湖南省长沙市芙蓉区隆平水稻博物馆附近,25.025567283212304,463.08183195663446,7.353421451492115,65.67438109802106,228.85359454221475,3.7954
2014-07-15,湖南省长沙市芙蓉区隆平水稻博物馆附近,26.305276360899448,928.2367774985348,6.412743986817055,24.449474208215044,72.11376577877053,3.5142
2014-10-15,湖南省长沙市芙蓉区隆平水稻博物馆附近,26.48060138532288,867.8902804465602,7.664583471201948,40.00359320821272,65.56239339045585,3.4727
2014-07-15,湖南省长沙市芙蓉区隆平水稻博物馆附近,17.682425259339407,850.3177466153661,8.005545191905828,68.52300903775384,289.0582073204327,2.751
2015-07-15,湖南省长沙市芙蓉区隆平水稻博物馆附近,23.36168926701116,495.1252476625252,5.950395415335166,78.6832641721791,397.1155248141098,0.7618
2015-10-15,湖南省长沙市芙蓉区隆平水稻博物馆附近,29.0643105941948,474.3631769311352,6.756221836081978,69.98901891860145,112.17249274887136,3.8555
2015-07-15,湖南省长沙市芙蓉区隆平水稻博物馆附近,36.12375057892537,1012.5263128683746,6.983439891930039,72.98456385878654,248.22494447956456,2.8085
2016-07-15,湖南省长沙市芙蓉区隆平水稻博物馆附近,10.60633717147952,1305.063949633535,7.838025402628851,100.0,103.19136711673367,1.9635
2016-10-15,湖南省长沙市芙蓉区隆平水稻博物馆附近,27.81484618345285,1110.8605496395166,7.081778959718889,58.44387080246954,329.56863420363845,3.2397
2016-07-15,湖南省长沙市芙蓉区隆平水稻博物馆附近,18.007162130904295,1165.8510706136735,7.149430466203063,75.41512240717422,43.9121380375969,3.1333
2017-07-15,湖南省长沙市芙蓉区隆平水稻博物馆附近,34.54708320235065,342.6753985637069,6.817908384095675,100.0,148.67819564898355,2.8366
2017-10-15,湖南省长沙市芙蓉区隆平水稻博物馆附近,29.63088773765821,223.9469233238728,3.5920957146475483,63.258305477137,197.44555873395177,2.2312
2017-07-15,湖南省长沙市芙蓉区隆平水稻博物馆附近,18.08600134517832,1203.9997468510362,6.392005349836132,64.35446211794765,202.66956187434755,3.2265
2018-07-15,湖南省长沙市芙蓉区隆平水稻博物馆附近,20.62190873307621,816.2062178142469,5.400352705950738,88.98599145843171,141.49747669789053,3.1127
2018-10-15,湖南省长沙市芙蓉区隆平水稻博物馆附近,21.746787154390866,976.1413052638544,6.089873754815244,36.47963765759096,254.75153821638816,3.7284
2018-07-15,湖南省长沙市芙蓉区隆平水稻博物馆附近,10.60633717147952,889.3568282618064,5.6548713891734,92.40203707220742,104.28352571189498,2.7454
2019-07-15,湖南省长沙市芙蓉区隆平水稻博物馆附近,27.69455021842329,1151.4279043291615,5.155897183817586,41.06668815431208,87.84228428360163,3.2959
2019-10-15,湖南省长沙市芙蓉区隆平水稻博物馆附近,32.61562038634828,549.690746301195,6.517455465252656,65.24447096830339,160.92589474895172,3.4674
2019-07-15,湖南省长沙市芙蓉区隆平水稻博物馆附近,20.69357899335868,1431.7031199021894,6.417139327464085,32.17239768795806,126.83984546103363,3.5691
2020-07-15,湖南省长沙市芙蓉区隆平水稻博物馆附近,25.38684153823809,792.4973881072875,4.534071005853022,47.12809972561759,205.5754494650636,3.1819
2020-10-15,湖南省长沙市芙蓉区隆平水稻博物馆附近,32.39972069445013,1009.2759801041536,8.5,38.90821112399055,58.80643202286092,2.5922
2020-07-15,湖南省长沙市芙蓉区隆平水稻博物馆附近,24.960136793416915,550.580159819764,6.824258796035197,55.46897153561517,119.73463900216984,3.5385
2021-07-15,湖南省长沙市芙蓉区隆平水稻博物馆附近,19.81376922836772,905.102533768519,5.346267209275714,59.68878974962917,176.15685778292834,2.8035
2021-10-15,湖南省长沙市芙蓉区隆平水稻博物馆附近,22.56437308117652,461.457911075736,6.784475629464472,72.87746436329486,193.3604894932979,3.4575
2021-07-15,湖南省长沙市芙蓉区隆平水稻博物馆附近,22.03803037880565,508.0653919336039,7.535128916176733,81.58647545165725,104.80777310454177,3.3685
2022-07-15,湖南省长沙市芙蓉区隆平水稻博物馆附近,20.68004615160092,236.7671344291673,6.94556458127749,52.36696950972712,143.18447029788211,3.2894
2022-10-15,湖南省长沙市芙蓉区隆平水稻博物馆附近,21.686881205270765,387.1873208631937,6.578777727866333,52.9018647214365,153.23384082199237,3.261
2022-07-15,湖南省长沙市芙蓉区隆平水稻博物馆附近,27.71680096189968,574.1465691842827,6.938501769565738,83.5786402706443,158.39892577928123,3.5936
2023-07-15,湖南省长沙市芙蓉区隆平水稻博物馆附近,16.652973594393142,1093.2704096484638,5.9996139098795656,91.65102935330256,149.89027446935398,3.5312
2023-10-15,湖南省长沙市芙蓉区隆平水稻博物馆附近,28.756935616858947,200.0,5.72828877981946,46.21516918635986,167.8296014284933,3.2772
2023-07-15,湖南省长沙市芙蓉区隆平水稻博物馆附近,25.49666152714613,899.0872589399422,6.903436862871291,60.66953604927653,30.0,3.7684
2013-07-15,湖南省长沙市芙蓉区隆平水稻博物馆附近,20.112223776007244,592.1805606533948,4.691643567582587,72.20883352585545,134.8425078718418,2.6792
2013-10-15,湖南省长沙市芙蓉区隆平水稻博物馆附近,27.504585938121902,1075.023475717766,6.896199400384179,49.8809858661616,195.42192390323865,3.5871
2013-07-15,湖南省长沙市芙蓉区隆平水稻博物馆附近,28.77695612912878,200.0,5.695040579895861,66.05052736430632,241.6998938091748,3.3335
2014-07-15,湖南省长沙市芙蓉区隆平水稻博物馆附近,22.11614334715833,759.7860250228414,6.375020269685785,52.37194888866884,246.0058708092287,3.9014
2014-10-15,湖南省长沙市芙蓉区隆平水稻博物馆附近,20.46218168979201,700.0485005507219,6.1760674990477815,84.38738604816109,217.27128855419423,3.7937
2014-07-15,湖南省长沙市芙蓉区隆平水稻博物馆附近,10.60633717147952,1030.453869338854,6.5966761211402325,60.56437192567729,121.75469405251307,2.7001
2015-07-15,湖南省长沙市芙蓉区隆平水稻博物馆附近,24.748809452754315,1182.4967357900132,4.007656872069935,20.0,102.95016849841002,2.712
2015-10-15,湖南省长沙市宁乡市金朱公路稻花香里农耕文化园,26.3522841288992,284.3747321413506,3.5920957146475483,61.31935201601995,165.75017345111002,2.2892
2015-07-15,湖南省长沙市宁乡市金朱公路稻花香里农耕文化园,20.84524941794481,395.1353455476891,7.482178986766688,95.9778532355076,225.8313563457833,3.7051
2016-07-15,湖南省长沙市宁乡市金朱公路稻花香里农耕文化园,25.242608139724133,2058.213742564209,8.35897769444342,70.82405510276065,117.394774213409,3.3954
2016-10-15,湖南省长沙市宁乡市金朱公路稻花香里农耕文化园,29.408198784747253,1237.7321471905934,7.455323802124256,67.51773061153315,117.34223122114248,3.7009
2016-07-15,湖南省长沙市宁乡市金朱公路稻花香里农耕文化园,33.43570817536282,1027.3716188333035,6.670202049493366,84.67704687212293,178.03513291096738,3.3698
2017-07-15,湖南省长沙市宁乡市金朱公路稻花香里农耕文化园,19.592259981928024,1016.7765504860316,4.696110873991304,51.80502717492068,24.09543193513789,2.6788
2017-10-15,湖南省长沙市宁乡市金朱公路稻花香里农耕文化园,21.767135578787368,820.864426327173,7.360724677240118,63.73452080206168,165.82533508935455,3.5772
2017-07-15,湖南省长沙市宁乡市金朱公路稻花香里农耕文化园,28.070833500217127,1413.7451864264858,7.894625388211176,64.53898887829068,139.07036496852456,3.7981
2018-07-15,湖南省长沙市宁乡市金朱公路稻花香里农耕文化园,23.895152002333884,772.647729944431,6.605653825026061,88.34241576006595,93.21055224069433,3.996
2018-10-15,湖南省长沙市宁乡市金朱公路稻花香里农耕文化园,24.43835975154585,534.2137060116212,6.601685395447298,73.33603148966228,202.74084927342045,3.7055
2018-07-15,湖南省长沙市宁乡市金朱公路稻花香里农耕文化园,26.06989955367111,611.6350356674632,6.532707756268768,50.024004079598924,203.1153792519576,3.9355
2019-07-15,湖南省长沙市宁乡市金朱公路稻花香里农耕文化园,21.50137246003707,1329.712779935121,8.032933370535558,63.77804983988264,129.99082314181828,2.9062
2019-10-15,湖南省长沙市宁乡市金朱公路稻花香里农耕文化园,25.176317759858645,903.4691024749758,5.607170402681921,100.0,149.1616062914356,3.5032
2019-07-15,湖南省长沙市宁乡市金朱公路稻花香里农耕文化园,34.82362566458195,444.22669723014616,5.36282122419744,30.416342209931592,24.09543193513789,5.3297
2020-07-15,湖南省长沙市宁乡市金朱公路稻花香里农耕文化园,19.01061053705576,930.7024732717734,6.432770437849014,58.89110595116636,79.18609594797779,3.2254
2020-10-15,湖南省长沙市宁乡市金朱公路稻花香里农耕文化园,22.23175347326409,554.7794566733837,6.793648773863071,84.28311768343957,218.4150331602723,3.4083
2020-07-15,湖南省长沙市宁乡市金朱公路稻花香里农耕文化园,10.60633717147952,1433.261791107284,5.259645747849028,82.53428372772233,150.63274270446155,2.7156
2021-07-15,湖南省长沙市宁乡市金朱公路稻花香里农耕文化园,24.464848200227213,1040.3492059471769,5.91473319911046,96.82800735525608,24.09543193513789,3.5214
2021-10-15,湖南省长沙市宁乡市金朱公路稻花香里农耕文化园,21.03563583868828,223.9469233238728,5.781519480240108,24.449474208215044,170.3385536200957,3.1446
2021-07-15,湖南省长沙市宁乡市金朱公路稻花香里农耕文化园,22.3487119081378,1311.6928827576337,8.149783686240802,61.85950343110584,89.1501469123819,3.0667
2022-07-15,湖南省长沙市宁乡市金朱公路稻花香里农耕文化园,27.520232577589223,589.5988425191858,5.82026677239962,59.73384386244168,397.1155248141098,3.2985
2022-10-15,湖南省长沙市宁乡市金朱公路稻花香里农耕文化园,20.07136976832228,852.1029938415579,5.75467651629291,24.449474208215044,96.66841811785952,3.3942
2022-07-15,湖南省长沙市宁乡市金朱公路稻花香里农耕文化园,28.78753855023653,1031.3116759859763,5.45478563767929,24.449474208215044,166.8727009550439,3.351
2023-07-15,湖南省长沙市宁乡市金朱公路稻花香里农耕文化园,27.8529933429658,698.1195096534899,8.511593690347514,74.95576618835555,70.42427028305057,2.7965
2023-10-15,湖南省长沙市宁乡市金朱公路稻花香里农耕文化园,22.34749426194736,223.9469233238728,6.103604479823545,86.65999877033737,133.61959511864492,3.6862
2023-07-15,湖南省长沙市宁乡市金朱公路稻花香里农耕文化园,23.62474151424178,303.481102300044,4.778824174710276,51.52419788681047,166.8715210746165,3.1831
2013-07-15,湖南省长沙市宁乡市金朱公路稻花香里农耕文化园,17.88873145201163,1262.2357435984247,4.73298963499445,67.5837494666342,249.87850931797647,3.4345
2013-10-15,湖南省长沙市宁乡市金朱公路稻花香里农耕文化园,21.218246273578483,385.26202251617246,6.299525390842121,57.01069019054295,187.66082507246847,3.5957
2013-07-15,湖南省长沙市宁乡市金朱公路稻花香里农耕文化园,26.017318179336115,757.517056953257,8.056881836546692,96.64233502607136,148.48867898823124,3.0127
2014-07-15,湖南省长沙市宁乡市金朱公路稻花香里农耕文化园,16.96776839871214,648.9736840019507,6.922108593489906,41.75868359487434,215.0700318174556,3.1114
2014-10-15,湖南省长沙市宁乡市金朱公路稻花香里农耕文化园,20.22229779699787,1189.992214017726,8.10409125347724,24.449474208215044,122.09544322793964,2.7695
2014-07-15,湖南省长沙市宁乡市金朱公路稻花香里农耕文化园,24.360412042596167,979.3195124340872,7.583920966535608,100.0,63.21010778755877,2.7236
2015-07-15,湖南省长沙市宁乡市金朱公路稻花香里农耕文化园,30.597874557172883,952.1243776278646,7.596652268766096,43.05712700742372,105.95028803273917,3.0039
2015-10-15,湖南省长沙市宁乡市金朱公路稻花香里农耕文化园,38.0,411.1929139245824,7.431934542316309,53.95477495774783,112.19709411909952,2.7419
2015-07-15,湖南省长沙市宁乡市金朱公路稻花香里农耕文化园,26.55625077271768,497.9061579660077,4.711934504961967,57.83511244184984,24.09543193513789,3.1969
2016-07-15,湖南省长沙市宁乡市金朱公路稻花香里农耕文化园,27.882784815278832,759.8333220302853,6.034304759881164,59.02359821941592,52.96968659726733,3.7074
2016-10-15,湖南省长沙市宁乡市金朱公路稻花香里农耕文化园,23.75481980221811,850.832549257906,5.910909777468599,55.4689239713295,186.24644732634263,3.7842
2016-07-15,湖南省长沙市宁乡市金朱公路稻花香里农耕文化园,33.22483856750642,305.66056748478945,7.437066875102031,36.383375967506566,95.48984930926854,2.1196
2017-07-15,湖南省长沙市宁乡市金朱公路稻花香里农耕文化园,31.834371337222624,2058.213742564209,7.260213496330118,62.01088613670022,397.1155248141098,2.883
2017-10-15,湖南省长沙市宁乡市金朱公路稻花香里农耕文化园,17.42404468900724,1056.9352040045478,7.546674827280937,20.0,58.18325184421275,2.7357
2017-07-15,湖南省长沙市宁乡市金朱公路稻花香里农耕文化园,13.490394176322075,223.9469233238728,8.511593690347514,84.15074326559535,24.09543193513789,2.2015
2018-07-15,湖南省长沙市宁乡市金朱公路稻花香里农耕文化园,22.1209087967766,1236.5181747445308,6.331034793337489,95.9778532355076,185.1012799372679,3.5659
2018-10-15,湖南省长沙市宁乡市金朱公路稻花香里农耕文化园,29.775711602506192,366.833126760826,5.819504056324994,38.59013113189937,73.86104536473009,2.7109
2018-07-15,湖南省长沙市宁乡市金朱公路稻花香里农耕文化园,36.12375057892537,621.0814346193545,5.5304964941540105,75.74824005640761,183.4445134110712,2.9645
2019-07-15,湖南省长沙市宁乡市金朱公路稻花香里农耕文化园,16.862287810584185,673.8814632915119,7.388773117011151,31.114882080098447,190.9403269235796,3.5353
2019-10-15,湖南省长沙市宁乡市金朱公路稻花香里农耕文化园,17.607068771100792,200.0,6.373868239676155,60.568006112299216,162.76946392019812,2.8571
2019-07-15,湖南省长沙市宁乡市金朱公路稻花香里农耕文化园,28.854325969434832,483.4464583690525,6.764584536029111,53.2841455310262,92.10640198881694,3.2501
2020-07-15,湖南省长沙市宁乡市金朱公路稻花香里农耕文化园,26.178072790542828,200.0,7.501366456290862,58.06456846466576,246.95234940733883,3.3797
2020-10-15,湖南省长沙市宁乡市金朱公路稻花香里农耕文化园,13.944323454960577,1040.877190724198,6.608803709705408,42.31959628130084,90.77722926382108,2.5279
2020-07-15,湖南省长沙市宁乡市金朱公路稻花香里农耕文化园,29.147027905917447,702.7291967455399,3.5920957146475483,46.41727318980483,24.09543193513789,2.4118
2021-07-15,湖南省长沙市宁乡市金朱公路稻花香里农耕文化园,23.90449735595568,223.9469233238728,6.1254677406127165,78.57456138558838,197.29749939816023,2.923
2021-10-15,湖南省长沙市宁乡市金朱公路稻花香里农耕文化园,30.718770216034645,480.2900847933674,8.511593690347514,36.18036730950163,149.3788626055358,2.6212
2021-07-15,湖南省长沙市宁乡市金朱公路稻花香里农耕文化园,26.634636868820813,1234.2760773537284,5.738570245574416,41.18166988052546,213.3660751001993,3.7957
2022-07-15,湖南省长沙市宁乡市金朱公路稻花香里农耕文化园,25.09209189594776,657.5906691088824,5.508709618359679,75.11115706430016,30.0,3.3145
2022-10-15,湖南省长沙市宁乡市金朱公路稻花香里农耕文化园,23.24243257979346,472.3862601647122,7.765445519891654,24.449474208215044,24.09543193513789,2.441
2022-07-15,湖南省长沙市宁乡市金朱公路稻花香里农耕文化园,15.646040394870722,578.4393723496441,7.624837060115702,60.171388705500135,24.09543193513789,2.786
2023-07-15,湖南省长沙市宁乡市金朱公路稻花香里农耕文化园,19.95956844541298,2058.213742564209,6.1649005212007655,58.69836144182153,397.1155248141098,3.0752
2023-10-15,湖南省长沙市宁乡市金朱公路稻花香里农耕文化园,14.80937732411073,376.957698505903,4.308925927435336,93.97640216675433,135.20573674442554,2.7196
2023-07-15,湖南省长沙市宁乡市金朱公路稻花香里农耕文化园,22.959623134892244,1169.757464935372,6.730101173469863,78.97631340560953,281.14383700335446,3.6874
2013-07-15,湖南省长沙市宁乡市金朱公路稻花香里农耕文化园,33.382186561376415,2058.213742564209,7.420598242711816,73.7247140960211,115.26094680360572,3.0848
2013-10-15,湖南省长沙市宁乡市金朱公路稻花香里农耕文化园,26.69248203747207,569.8947419,5.697338609766286,84.17632612935344,139.56757078112483,3.3415
2013-07-15,湖南省长沙市宁乡市金朱公路稻花香里农耕文化园,22.923560430496,1243.3045633813035,6.42278255653205,87.55372589032858,230.3155282977364,3.5751
2014-07-15,湖南省长沙市宁乡市金朱公路稻花香里农耕文化园,28.163909330531425,200.0,7.495781228377528,26.05315051718372,107.69336879004236,2.5339
2014-10-15,湖南省长沙市宁乡市金朱公路稻花香里农耕文化园,20.106181421088465,862.8340796889252,6.014465961360502,62.87818729317159,166.12874138472927,3.3472
2014-07-15,湖南省长沙市宁乡市金朱公路稻花香里农耕文化园,23.650625323533145,508.1150662050004,6.008262151209273,84.14609645187062,130.6099400578509,3.6696
2015-07-15,湖南省长沙市宁乡市金朱公路稻花香里农耕文化园,22.449918005726264,535.5699174625777,6.835021295802102,54.42106474550602,163.74568989878276,3.6398
2015-10-15,湖南省长沙市宁乡市金朱公路稻花香里农耕文化园,30.187699721289498,894.0613901850546,5.22628259927455,100.0,217.3013485432752,2.5608
2015-07-15,湖南省长沙市宁乡市金朱公路稻花香里农耕文化园,26.66831052643474,904.6071355271738,6.180830085397406,79.32680161080822,235.63971909568616,3.9301
2016-07-15,湖南省长沙市宁乡市金朱公路稻花香里农耕文化园,27.39489912873196,971.78243237423,6.700451504340317,24.449474208215044,156.89650630554792,3.234
2016-10-15,湖南省长沙市宁乡市金朱公路稻花香里农耕文化园,22.611712766174417,265.1885769655929,4.476346021987833,77.15680677470017,88.48685485575402,3.1595
2016-07-15,湖南省长沙市宁乡市金朱公路稻花香里农耕文化园,25.357831186096963,503.5193425469573,7.09675864630185,40.20823974949944,37.18269536587292,3.2863
2017-07-15,湖南省长沙市宁乡市金朱公路稻花香里农耕文化园,20.719580870455665,248.4479504592349,7.678948399236668,89.24258408466972,86.6333058487748,2.7009
2017-10-15,湖南省长沙市宁乡市金朱公路稻花香里农耕文化园,29.151679082721227,912.2834541443436,6.287498635308835,61.298047011575626,125.43956548688254,3.5915
2017-07-15,湖南省长沙市宁乡市金朱公路稻花香里农耕文化园,20.75077815267604,848.3154435789766,3.5920957146475483,65.57551128161997,190.5904485863985,2.8946
2018-07-15,湖南省长沙市宁乡市金朱公路稻花香里农耕文化园,22.70319550229878,1238.5214400604682,6.810858190794812,63.63107014667169,352.6429751449588,3.7047
2018-10-15,湖南省长沙市宁乡市金朱公路稻花香里农耕文化园,26.24110293150168,923.219198980728,4.987043233399732,82.13951073965572,126.01039594280842,2.9137
2018-07-15,湖南省长沙市宁乡市金朱公路稻花香里农耕文化园,25.90933127529248,985.8699416534322,6.033696022555088,48.78942740356747,151.19972917238516,3.9158
2019-07-15,湖南省长沙市宁乡市金朱公路稻花香里农耕文化园,36.35346428902198,223.9469233238728,7.029306211790573,84.569156113331,69.02368465728432,2.032
2019-10-15,湖南省长沙市宁乡市金朱公路稻花香里农耕文化园,31.00606961081972,970.723777860693,6.431860886212643,44.19602578089054,124.0417490199883,3.2671
2019-07-15,湖南省长沙市宁乡市金朱公路稻花香里农耕文化园,23.3698823391608,630.4479105182063,6.543585598389576,52.67713083902113,121.21686619403184,3.8632
2020-07-15,湖南省长沙市宁乡市金朱公路稻花香里农耕文化园,29.355623517158463,984.710218808766,5.752960679300726,53.11578255236667,205.2615503838596,3.8124
2020-10-15,湖南省长沙市宁乡市金朱公路稻花香里农耕文化园,35.37700399322719,837.7099466530952,7.540914082807374,85.37846480179797,176.96601095683573,2.7187
2020-07-15,湖南省长沙市宁乡市金朱公路稻花香里农耕文化园,19.351465726711908,1287.8428396349334,7.722065274196185,71.16584127277642,101.9109646901396,3.6293
2021-07-15,湖南省长沙市宁乡市金朱公路稻花香里农耕文化园,29.17846056032571,300.61707948987004,5.1028476934518485,24.449474208215044,117.57741966077674,2.5499
2021-10-15,湖南省长沙市宁乡市金朱公路稻花香里农耕文化园,22.11554065238425,928.1291950375004,7.446928468357056,80.46479973331519,224.209947967636,3.4084
2021-07-15,湖南省长沙市宁乡市金朱公路稻花香里农耕文化园,30.0314640460722,412.5466696712585,5.597300335777467,93.32823583400584,24.09543193513789,2.3722
2022-07-15,湖南省长沙市宁乡市金朱公路稻花香里农耕文化园,23.077222278850872,800.1263777711356,6.838384026811142,58.37295401824301,154.7789749568355,3.5216
2022-10-15,湖南省长沙市宁乡市金朱公路稻花香里农耕文化园,20.69793317358024,1249.7103213978278,5.876649319709738,44.931221930009926,282.3881387930803,3.4903
2022-07-15,湖南省长沙市宁乡市金朱公路稻花香里农耕文化园,25.23699335658207,1218.9885438521935,6.8697734371150565,38.09580658382795,274.6406063741972,4.1093
2023-07-15,湖南省长沙市宁乡市金朱公路稻花香里农耕文化园,36.12375057892537,681.0692511705755,7.622203567697715,95.9778532355076,188.6201251813495,2.6936
2023-10-15,湖南省长沙市宁乡市金朱公路稻花香里农耕文化园,18.94491900118772,834.0873372482981,6.350568513988911,20.89411254488188,209.8930593583038,2.9149
2023-07-15,湖南省长沙市宁乡市金朱公路稻花香里农耕文化园,24.66960100676342,453.9128029151972,7.075904436932336,57.27355049105649,156.4619669463971,3.4832
2013-07-15,湖南省长沙市宁乡市金朱公路稻花香里农耕文化园,16.6923996886552,1181.6176947019649,5.883169122877729,71.03746761442024,155.4674920352026,3.3954
2013-10-15,湖南省长沙市宁乡市金朱公路稻花香里农耕文化园,28.19296229388687,799.3500640316341,6.093757551130472,100.0,145.7497891250346,3.6716
2013-07-15,湖南省长沙市宁乡市金朱公路稻花香里农耕文化园,20.47841687447796,1068.3103661637124,7.608042858383234,57.84344133117466,125.39823530766536,3.6735
2014-07-15,湖南省长沙市宁乡市金朱公路稻花香里农耕文化园,26.29861250860741,899.042784736722,6.925594253462796,53.60602074148537,186.2430986952974,3.9039
2014-10-15,湖南省长沙市宁乡市金朱公路稻花香里农耕文化园,25.24042473330691,1208.7851079840102,6.861199743751398,85.13213082065256,206.7946202144032,3.3796
2014-07-15,湖南省长沙市宁乡市金朱公路稻花香里农耕文化园,27.649020889576413,658.0489788091884,8.511593690347514,52.99228614257788,126.093283500638,3.2299
2015-07-15,湖南省长沙市宁乡市金朱公路稻花香里农耕文化园,15.975589496677404,223.9469233238728,3.5920957146475483,77.84602470022352,187.93297884191105,1.7979
2015-10-15,湖南省长沙市宁乡市金朱公路稻花香里农耕文化园,32.207843103289505,790.8289509747515,6.335439030377326,67.79307379130702,123.2014171911236,3.4789
2015-07-15,湖南省长沙市宁乡市金朱公路稻花香里农耕文化园,21.01552372264761,529.4655239897538,7.011326644162355,84.37539791362707,397.1155248141098,3.2523
2016-07-15,湖南省长沙市宁乡市金朱公路稻花香里农耕文化园,26.448874284482063,223.9469233238728,5.110400836566434,83.3974303190886,182.67747446996032,2.9645
2016-10-15,湖南省长沙市宁乡市金朱公路稻花香里农耕文化园,22.895077595898684,846.6567277864989,6.443865717040415,24.449474208215044,208.017398720689,3.5832
2016-07-15,湖南省长沙市宁乡市金朱公路稻花香里农耕文化园,26.972260711891483,718.5555597179196,7.276646028394147,67.26912080113105,50.86543935879061,3.3054
2017-07-15,湖南省长沙市宁乡市金朱公路稻花香里农耕文化园,22.83720906090189,906.0292599459236,5.865268109733394,66.13483366593638,70.03929353848778,4.0543
2017-10-15,湖南省长沙市宁乡市金朱公路稻花香里农耕文化园,22.561968879637533,313.1217257509707,6.395701488622273,40.81602577520788,136.756274582498,3.1736
2017-07-15,湖南省长沙市宁乡市金朱公路稻花香里农耕文化园,22.940615169387662,1033.9266488866465,3.5920957146475483,61.32943655685694,24.09543193513789,3.0235
2018-07-15,湖南省长沙市宁乡市金朱公路稻花香里农耕文化园,26.68801331037601,768.7627537326432,6.127059479569864,83.2043156732949,239.12864215635287,3.789
2018-10-15,湖南省长沙市宁乡市金朱公路稻花香里农耕文化园,26.272104216506065,1180.376639999566,6.043613538662525,66.6905396756865,164.39236513708352,3.8781
2018-07-15,湖南省长沙市宁乡市金朱公路稻花香里农耕文化园,30.838910308299035,737.3214539361268,7.581721694395094,56.93424416178122,119.60190997272484,3.2869
2019-07-15,湖南省长沙市宁乡市金朱公路稻花香里农耕文化园,24.221613823039604,1087.33692054106,6.428353114188352,43.36171262573734,91.3040610440256,3.3981
2019-10-15,湖南省长沙市宁乡市金朱公路稻花香里农耕文化园,25.4329489373645,1056.8177670491118,5.958490999553759,63.16063067593907,102.77782326400204,3.5986
2019-07-15,湖南省长沙市宁乡市金朱公路稻花香里农耕文化园,21.980074066420897,498.8326762343482,3.5920957146475483,79.83644588780253,188.4924986961607,2.5703
2020-07-15,湖南省长沙市宁乡市金朱公路稻花香里农耕文化园,26.855729366856544,812.7447616769525,6.852290444166286,57.75304884907796,187.3766418247985,3.3083
2020-10-15,湖南省长沙市宁乡市金朱公路稻花香里农耕文化园,23.984773069785035,223.9469233238728,7.8210617383534675,74.8795476441129,170.589513251845,3.2293
2020-07-15,湖南省长沙市宁乡市金朱公路稻花香里农耕文化园,27.8853606359027,1021.1873949641156,7.830381685658061,24.449474208215044,85.3367552525039,3.3987
2021-07-15,湖南省长沙市宁乡市金朱公路稻花香里农耕文化园,12.641777499363553,595.7146772579738,7.263334150933876,66.46673489556274,186.7361886063236,2.7224
2021-10-15,湖南省长沙市宁乡市金朱公路稻花香里农耕文化园,24.68660451363414,828.8782329210147,6.117772761433848,57.370211703518144,44.58787803590988,3.8433
2021-07-15,湖南省长沙市宁乡市金朱公路稻花香里农耕文化园,19.70393239055524,413.7442921822104,8.5,24.449474208215044,34.07609048880244,2.4615
2022-07-15,湖南省长沙市宁乡市金朱公路稻花香里农耕文化园,22.43066541331653,902.3381940319126,7.314424898616591,47.32002286507119,92.19621952808586,3.2178
2022-10-15,湖南省长沙市宁乡市金朱公路稻花香里农耕文化园,29.288298116010097,223.9469233238728,4.853136141707154,99.14659619118446,127.3568089522674,2.7822
2022-07-15,湖南省长沙市宁乡市金朱公路稻花香里农耕文化园,32.37678108474776,687.1470191654935,6.128725287385747,74.0551270415339,146.64886904083136,3.076
2023-07-15,湖南省长沙市宁乡市金朱公路稻花香里农耕文化园,26.554537827990025,615.0184837863509,8.511593690347514,68.69941150146313,143.18624611257292,3.3875
2023-10-15,湖南省长沙市宁乡市金朱公路稻花香里农耕文化园,23.932764241440765,1020.2654656124588,7.061067084025916,34.82888063574287,175.86137748065357,3.5942
2023-07-15,湖南省长沙市宁乡市金朱公路稻花香里农耕文化园,21.40777889373782,628.7985954160024,6.510878758202231,76.52902690244845,132.71623209892329,5.1539
2013-07-15,湖南省长沙市宁乡市金朱公路稻花香里农耕文化园,17.962681128117225,870.8977708183327,6.682529280397438,55.05291257171814,211.85516030201444,3.4704
2013-10-15,湖南省长沙市宁乡市金朱公路稻花香里农耕文化园,24.200307350182864,2058.213742564209,7.104592344702505,49.58362394542621,230.69124187084168,4.2003
2013-07-15,湖南省长沙市宁乡市金朱公路稻花香里农耕文化园,17.75957829251338,1056.1174016771834,7.177181686725047,82.34374825655478,131.22981161690868,3.66
2014-07-15,湖南省长沙市宁乡市金朱公路稻花香里农耕文化园,22.644808471908387,1244.8144382517244,6.19383414214449,48.28621989959928,156.1033925083062,4.1204
2014-10-15,湖南省长沙市宁乡市金朱公路稻花香里农耕文化园,22.46528412314435,1201.349306289835,6.244559785844791,59.54133359548975,184.2292398518144,3.8604
2014-07-15,湖南省长沙市宁乡市金朱公路稻花香里农耕文化园,26.22483285554361,1043.5820985185874,7.393244628367128,68.60142075391963,226.67139930183083,3.7274
2015-07-15,湖南省长沙市宁乡市金朱公路稻花香里农耕文化园,26.218436057459563,510.27277531812217,8.5,100.0,192.883903651062,2.7191
2015-10-15,湖南省长沙市宁乡市金朱公路稻花香里农耕文化园,20.888898022167844,621.8614033231026,4.791880605391871,57.69438283592231,139.65750255278027,2.9517
2015-07-15,湖南省长沙市望城区团山湖村拾光农场,10.60633717147952,733.962895913009,7.436504116730488,24.449474208215044,119.78098437746422,2.2189
2016-07-15,湖南省长沙市望城区团山湖村拾光农场,26.16024968678818,655.6779327846548,7.234598128302996,86.94440383212877,239.8807062182657,3.9233
2016-10-15,湖南省长沙市望城区团山湖村拾光农场,24.904918960486555,876.1583627043755,8.511593690347514,39.43294742395352,106.0244377134879,3.2005
2016-07-15,湖南省长沙市望城区团山湖村拾光农场,19.98735317681096,1270.680348703249,4.928421921320823,47.091440781499166,105.5860648470775,3.3801
2017-07-15,湖南省长沙市望城区团山湖村拾光农场,24.90743432003805,693.951366139494,5.706213475981031,38.2686299937016,277.2596139507066,0.6645
2017-10-15,湖南省长沙市望城区团山湖村拾光农场,27.489991456227248,961.641863525586,4.857446646366879,47.576139399847385,197.12073618061697,3.0093
2017-07-15,湖南省长沙市望城区团山湖村拾光农场,25.12255087129472,223.9469233238728,6.160763032740379,61.74592596861817,234.6814117047375,3.6043
2018-07-15,湖南省长沙市望城区团山湖村拾光农场,21.13495108072267,893.5442550431782,6.524763538095803,66.8704699287722,240.1171779113157,3.9956
2018-10-15,湖南省长沙市望城区团山湖村拾光农场,25.48838049274416,1237.0129850185383,6.179537450240356,79.90721448155752,125.10502331278036,3.5359
2018-07-15,湖南省长沙市望城区团山湖村拾光农场,25.06296200390897,899.0500523578902,6.646509200958443,64.19332179571913,154.9747111903224,3.9368
2019-07-15,湖南省长沙市望城区团山湖村拾光农场,26.120462409052084,522.6508372233191,7.346946501769913,70.28509527214678,52.49272446704852,3.1905
2019-10-15,湖南省长沙市望城区团山湖村拾光农场,22.99389764057081,756.0972939035491,6.930065687175318,34.043968873819374,153.5943154077863,3.5625
2019-07-15,湖南省长沙市望城区团山湖村拾光农场,28.450719958555563,2058.213742564209,6.3403148125117,58.79218017244869,81.4834908503213,3.4989
2020-07-15,湖南省长沙市望城区团山湖村拾光农场,27.008558610494703,1490.1186928055513,6.241919290135949,58.339247618924766,141.78062533836345,3.7153
2020-10-15,湖南省长沙市望城区团山湖村拾光农场,24.45619925771572,702.5679580162475,5.919231893249539,63.09776704598468,30.0,3.7926
2020-07-15,湖南省长沙市望城区团山湖村拾光农场,32.66369456501289,223.9469233238728,6.573932787030502,67.67916761160471,92.9585583950847,2.988
2021-07-15,湖南省长沙市望城区团山湖村拾光农场,27.596732571205862,275.4855031577405,4.795131398269384,89.42589891370297,41.28063974627675,2.819
2021-10-15,湖南省长沙市望城区团山湖村拾光农场,20.863845282238387,648.6342688747347,5.3268434409672265,71.40433155897658,116.08447564737578,3.4344
2021-07-15,湖南省长沙市望城区团山湖村拾光农场,26.613592801690448,1249.2106912802374,6.29477161744419,95.97278590048072,30.0,3.0513
2022-07-15,湖南省长沙市望城区团山湖村拾光农场,23.55670680539931,488.54925587391983,6.649356201465785,91.73314715517968,208.67085387925988,3.9114
2022-10-15,湖南省长沙市望城区团山湖村拾光农场,27.06465727137812,791.5729059775933,6.34008397716456,24.449474208215044,148.01848417682638,3.4067
2022-07-15,湖南省长沙市望城区团山湖村拾光农场,23.393070791735035,223.9469233238728,8.43438852790853,76.96198310094933,274.66665511190666,3.0401
2023-07-15,湖南省长沙市望城区团山湖村拾光农场,20.87251401603744,625.3665218628715,5.191221687923071,100.0,249.17478307382527,3.4702
2023-10-15,湖南省长沙市望城区团山湖村拾光农场,24.264713092489306,546.7162944431013,5.392058329085004,85.51264227745165,99.89252976166588,3.0542
2023-07-15,湖南省长沙市望城区团山湖村拾光农场,25.1050192081638,825.9065946501112,6.612321165469813,31.100531229667745,193.38227637479184,3.5384
2013-07-15,湖南省长沙市望城区团山湖村拾光农场,31.527394035771646,670.9702388714163,4.638049865125953,82.25086969230341,90.72804539161368,2.9411
2013-10-15,湖南省长沙市望城区团山湖村拾光农场,29.0675481800032,490.9956272410676,7.76248989487695,66.38674323430696,169.25580371553946,3.3745
2013-07-15,湖南省长沙市望城区团山湖村拾光农场,29.12708174494015,541.995991526438,6.723091225059894,36.46346846437315,154.79491582440224,3.5476
2014-07-15,湖南省长沙市望城区团山湖村拾光农场,30.49388425993595,864.0937644537414,6.8187966911589335,47.18502272895473,119.36349004214524,3.4515
2014-10-15,湖南省长沙市望城区团山湖村拾光农场,23.9115939838639,374.38743873575794,6.250190100315754,75.0499939225858,110.71381346256304,3.6697
2014-07-15,湖南省长沙市望城区团山湖村拾光农场,23.98903673783053,639.5853176568064,7.819635662243718,56.50337304948723,188.681388197054,3.1523
2015-07-15,湖南省长沙市望城区团山湖村拾光农场,27.735486905850188,1226.077079732588,4.301307187770835,32.321540818814256,245.8438375932974,3.1464
2015-10-15,湖南省长沙市望城区团山湖村拾光农场,22.04214305582085,466.8043411250942,6.465478200168689,53.25769458759705,217.9682818304884,3.8923
2015-07-15,湖南省长沙市望城区团山湖村拾光农场,31.388324478942124,2058.213742564209,5.7341900199412885,25.688882170469896,125.7122772347824,0.9781
2016-07-15,湖南省长沙市望城区团山湖村拾光农场,25.58663691654391,657.9286298686076,5.9850514693728565,34.86931939619202,127.1977892226388,4.0255
2016-10-15,湖南省长沙市望城区团山湖村拾光农场,24.89549203017926,1077.8732964574674,8.511593690347514,86.43031871162077,211.814981638174,3.3047
2016-07-15,湖南省长沙市望城区团山湖村拾光农场,28.051851327167324,1306.6381739929716,7.604941922230972,67.33157024024928,122.3815942455382,3.4551
2017-07-15,湖南省长沙市望城区团山湖村拾光农场,28.736468025616308,219.9676679642057,6.369262933286762,58.644782119652085,116.4501698964475,3.2025
2017-10-15,湖南省长沙市望城区团山湖村拾光农场,22.19909479901516,2058.213742564209,6.8687380592769305,59.497571434899065,194.11615859849925,3.91
2017-07-15,湖南省长沙市望城区团山湖村拾光农场,28.40976485647482,385.6670732255759,7.64617826070486,81.40464796611968,155.13079977837594,3.1875
2018-07-15,湖南省长沙市望城区团山湖村拾光农场,32.25571803897521,785.4179315381554,7.591946171289575,66.44306473643523,130.40317316032724,2.8754
2018-10-15,湖南省长沙市望城区团山湖村拾光农场,10.60633717147952,1215.5446775636972,6.402013553279309,81.34612407476652,47.05750088171223,2.3402
2018-07-15,湖南省长沙市望城区团山湖村拾光农场,24.34928472816157,690.3911027681806,5.896109884344214,89.36960429743372,119.75227958090018,3.9514
2019-07-15,湖南省长沙市望城区团山湖村拾光农场,29.87559866708876,1210.0509381816337,6.402169187900056,95.9778532355076,169.61967079620587,3.5198
2019-10-15,湖南省长沙市望城区团山湖村拾光农场,21.61419144243944,840.1879721496933,7.482319482755443,95.00549218001976,282.5913399449079,3.3761
2019-07-15,湖南省长沙市望城区团山湖村拾光农场,25.37902279096863,605.0535565577538,5.527847601797339,71.82431684984067,107.55362731126873,3.6167
2020-07-15,湖南省长沙市望城区团山湖村拾光农场,20.51372814257084,1530.3225899713043,7.475678345438153,82.08804002241439,204.48135975217147,3.3095
2020-10-15,湖南省长沙市望城区团山湖村拾光农场,24.938766135765427,1300.7686263920905,6.401108567603075,95.9778532355076,248.33763165599,3.7785
2020-07-15,湖南省长沙市望城区团山湖村拾光农场,28.1417275463214,999.8498196414986,6.4388115622209785,85.4007301380418,148.54281025979844,3.8413
2021-07-15,湖南省长沙市望城区团山湖村拾光农场,28.12059908526077,749.8411570782944,5.1708148666551175,92.54361873009124,222.5538388334363,2.9613
2021-10-15,湖南省长沙市望城区团山湖村拾光农场,28.95831346981468,1174.343359374874,6.325179636036124,47.779006556688486,184.83406122213688,3.6066
2021-07-15,湖南省长沙市望城区团山湖村拾光农场,30.79055436750033,200.0,6.959780584050313,38.099710321386624,169.4854943720125,2.9817
2022-07-15,湖南省长沙市望城区团山湖村拾光农场,18.92905693606134,655.8867527059034,6.012326025721001,95.65746711272624,128.87473515276713,3.7859
2022-10-15,湖南省长沙市望城区团山湖村拾光农场,19.96991309250149,1117.5512901353534,5.902635234462517,65.03953689511621,163.23784825842978,3.3051
2022-07-15,湖南省长沙市望城区团山湖村拾光农场,35.4619363784273,1023.3752081599038,8.008247403185003,95.9778532355076,99.5536866060825,1.9856
2023-07-15,湖南省长沙市望城区团山湖村拾光农场,20.90889658383264,1069.8305122267166,6.347188882932641,24.449474208215044,164.2902783683777,3.964
2023-10-15,湖南省长沙市望城区团山湖村拾光农场,27.97578512718457,773.2323641250007,5.778949970477011,57.87815902761889,263.3567277302397,3.7342
2023-07-15,湖南省长沙市望城区团山湖村拾光农场,25.48497982496359,528.9969541109006,6.107057998193596,100.0,145.62853866953668,3.6119
2013-07-15,湖南省长沙市望城区团山湖村拾光农场,26.62083176244221,1003.1479136197364,5.548730606861698,84.08170204313257,94.26441105235617,3.4054
2013-10-15,湖南省长沙市望城区团山湖村拾光农场,29.796354130426035,934.5839309954488,7.403438862487803,79.76474461632324,269.1228237156176,3.6418
2013-07-15,湖南省长沙市望城区团山湖村拾光农场,35.76591228755778,2058.213742564209,8.488333993580596,42.13322017832279,56.817883329610765,2.2738
2014-07-15,湖南省长沙市望城区团山湖村拾光农场,21.163262185559752,686.5114177216363,8.5,66.74947507361479,65.78648222618024,2.9842
2014-10-15,湖南省长沙市望城区团山湖村拾光农场,30.29212243424794,581.436493303998,5.179074693936699,100.0,86.97374227464195,3.0755
2014-07-15,湖南省长沙市望城区团山湖村拾光农场,28.4302572999922,1084.4364317301934,5.913639314028706,70.15201714796258,118.74188692613426,3.6527
2015-07-15,湖南省长沙市望城区团山湖村拾光农场,20.17538269709948,879.3932015363866,5.493409583590229,35.44775186161111,176.42123963267483,3.1107
2015-10-15,湖南省长沙市望城区团山湖村拾光农场,31.843157787661745,1010.8861375720604,4.505871156520744,95.9778532355076,133.9717508434947,2.3194
2015-07-15,湖南省长沙市望城区团山湖村拾光农场,28.226879747925736,766.3257599145023,6.402868890842362,66.27298122993035,30.9187235132454,3.233
2016-07-15,湖南省长沙市望城区团山湖村拾光农场,29.85785475477178,415.9624079200432,5.278922535911932,60.59772537490343,164.10811796197132,3.0611
2016-10-15,湖南省长沙市望城区团山湖村拾光农场,23.75517925760463,690.0496833463695,4.926550239897781,76.81488671020651,62.47449644815839,3.6389
2016-07-15,湖南省长沙市望城区团山湖村拾光农场,33.77670421221602,728.0303248759517,5.5999457673357504,78.66649023032184,196.65576370753632,3.0738
2017-07-15,湖南省长沙市望城区团山湖村拾光农场,35.303739624409936,783.6161977825722,7.439579412355179,64.6686318035496,118.26501725372069,3.2426
2017-10-15,湖南省长沙市望城区团山湖村拾光农场,25.337592407050543,673.246179673387,6.771107034897033,64.08142342519679,218.2890198580571,4.034
2017-07-15,湖南省长沙市望城区团山湖村拾光农场,30.896485920319133,682.305569379829,8.450851802367929,55.3148329613834,108.15814632502976,2.9875
2018-07-15,湖南省长沙市望城区团山湖村拾光农场,25.578373171464293,1004.6178525730402,5.903582481406682,84.11605490224962,230.05375165036145,3.9983
2018-10-15,湖南省长沙市望城区团山湖村拾光农场,32.75575987761262,396.35454912433335,4.612468096991874,65.87657598920856,171.543305608822,2.3607
2018-07-15,湖南省长沙市望城区团山湖村拾光农场,21.25756731721723,745.0425962848633,5.2537359860655695,24.449474208215044,218.1714824785525,2.9325
2019-07-15,湖南省长沙市望城区团山湖村拾光农场,26.66157005989796,927.8358579213984,5.7496389714581895,86.79809918181661,145.0381352988961,3.6605
2019-10-15,湖南省长沙市望城区团山湖村拾光农场,16.20630256788443,416.5824562646595,4.376316982675171,47.32561718617875,200.767108157756,2.4858
2019-07-15,湖南省长沙市望城区团山湖村拾光农场,31.388384109492545,800.8285507651809,7.046273609557666,42.05680977976577,159.24191050101524,3.3674
2020-07-15,湖南省长沙市望城区团山湖村拾光农场,36.12375057892537,726.245006306601,6.789653698209758,49.53940580794594,143.7922326091846,2.6258
2020-10-15,湖南省长沙市望城区团山湖村拾光农场,23.65296582777721,646.8995050376757,7.279029867630129,24.449474208215044,152.5137552692566,3.2964
2020-07-15,湖南省长沙市望城区团山湖村拾光农场,20.300601068363225,913.5998702754234,5.379816561312795,73.7682539899329,174.88706772475447,0.9132
2021-07-15,湖南省长沙市望城区团山湖村拾光农场,26.83299123048424,813.1624891282147,5.933489004768528,61.76090366117345,216.4064711174597,3.6683
2021-10-15,湖南省长沙市望城区团山湖村拾光农场,28.3483627441502,2058.213742564209,6.158825419329989,61.92004669604336,199.12595825092896,3.9192
2021-07-15,湖南省长沙市望城区团山湖村拾光农场,18.47765249747573,833.9288413460713,6.05757701075643,87.71895691887644,147.70056985815765,3.5801
2022-07-15,湖南省长沙市望城区团山湖村拾光农场,24.55439980243606,787.2993025405289,7.705095653450029,52.7648072099083,31.14981174464195,3.0814
2022-10-15,湖南省长沙市望城区团山湖村拾光农场,10.60633717147952,921.4742296877388,6.360949680212801,96.5887578338972,80.55505258707399,2.0371
2022-07-15,湖南省长沙市望城区团山湖村拾光农场,24.83652625952953,749.5719602104267,7.183260389503326,95.9778532355076,37.506476157148015,3.5907
2023-07-15,湖南省长沙市望城区团山湖村拾光农场,26.920327244696537,927.3419282743728,5.6757164423212485,39.97601726732644,121.16553520785152,3.7998
2023-10-15,湖南省长沙市望城区团山湖村拾光农场,24.722261505516904,998.426835225004,5.842212610704423,82.43048772175868,109.26117921221208,3.328
2023-07-15,湖南省长沙市望城区团山湖村拾光农场,16.483087803224226,1001.4441803020752,6.645080649509244,67.86853133714986,30.0,3.1943
2013-07-15,湖南省长沙市望城区团山湖村拾光农场,18.099492708925546,902.0178100582405,5.89006370555334,33.70755745328391,159.98911635462883,3.3332
2013-10-15,湖南省长沙市望城区团山湖村拾光农场,33.14307772785646,632.3015816354006,6.762214732236854,66.84753583279848,176.13277913954184,3.6847
2013-07-15,湖南省长沙市望城区团山湖村拾光农场,25.37047390209888,424.9794532380817,8.029304194486885,46.639618767220696,219.7544200912704,2.929
2014-07-15,湖南省长沙市望城区团山湖村拾光农场,32.51178526048014,649.0758382686033,3.5920957146475483,61.82924615167087,219.21017098689265,2.0739
2014-10-15,湖南省长沙市望城区团山湖村拾光农场,28.58771127897981,223.9469233238728,5.3895742507475575,73.9697090839288,308.20014851673534,2.7351
2014-07-15,湖南省长沙市望城区团山湖村拾光农场,14.803839111199498,615.7290144353909,6.545871444884565,47.58544456712517,120.6257611781597,2.8518
2015-07-15,湖南省长沙市望城区团山湖村拾光农场,26.119570670323306,379.7242015672613,4.673814150583289,70.14746212834699,167.75599442076572,2.5225
2015-10-15,湖南省长沙市望城区团山湖村拾光农场,17.32942914632189,565.3928404677681,6.119003594066609,48.956011839296416,30.0,2.8258
2015-07-15,湖南省长沙市望城区团山湖村拾光农场,28.55807439044445,1090.2463247715916,4.238708973249864,100.0,112.8980987973522,3.2324
2016-07-15,湖南省长沙市望城区团山湖村拾光农场,20.50792664325821,1038.2420180228537,6.415180325340257,74.61173516855425,124.57855698535944,3.6075
2016-10-15,湖南省长沙市望城区团山湖村拾光农场,22.115481721687985,200.0,4.58978807121353,39.6948318182957,79.35500968504269,2.9187
2016-07-15,湖南省长沙市望城区团山湖村拾光农场,29.75211919093025,1187.4210644648024,5.648836859750294,85.8190834759558,85.1755602432899,3.8992
2017-07-15,湖南省长沙市望城区团山湖村拾光农场,34.38085419607943,947.9516009605164,5.369099707505737,50.46516190235961,155.032350105656,3.3155
2017-10-15,湖南省长沙市望城区团山湖村拾光农场,26.7087798788858,235.86708346254863,6.103683633431584,75.68415724749349,72.41266497570177,3.2128
2017-07-15,湖南省长沙市望城区团山湖村拾光农场,25.75196893238104,1362.8520239683137,5.890015378481457,47.78486396596361,397.1155248141098,2.9923
2018-07-15,湖南省长沙市望城区团山湖村拾光农场,21.20433669223151,587.1863877326417,7.786625810103528,100.0,397.1155248141098,2.6909
2018-10-15,湖南省长沙市望城区团山湖村拾光农场,22.3712248915962,665.3695326534107,8.431940374759089,86.25707386066432,197.3445120839946,3.2832
2018-07-15,湖南省长沙市望城区团山湖村拾光农场,14.380521378450965,893.5105406393656,6.650288631576774,47.092912526816,207.19057525976123,3.0344
2019-07-15,湖南省长沙市望城区团山湖村拾光农场,22.00303677277989,936.2041405150304,4.978870048305421,71.99847430498785,206.7557751162227,3.4059
2019-10-15,湖南省长沙市望城区团山湖村拾光农场,20.80139078909612,517.3802295312901,6.744210902546752,24.449474208215044,63.48537863329145,3.1611
2019-07-15,湖南省长沙市望城区团山湖村拾光农场,20.958508573224243,662.0807805877319,6.459449384417765,69.61221697532429,139.0052854074431,3.4269
2020-07-15,湖南省长沙市望城区团山湖村拾光农场,35.94901466608836,689.5324174276726,8.5,53.2428739,137.85966558779475,2.4373
2020-10-15,湖南省长沙市望城区团山湖村拾光农场,25.91671002869176,1082.6714454492085,6.164600079621172,50.63870432763471,285.2422865352671,3.6556
2020-07-15,湖南省长沙市望城区团山湖村拾光农场,29.3616031836034,674.6660607704661,5.32397986774724,69.66085903058968,144.97301400665611,3.2139
2021-07-15,湖南省长沙市望城区团山湖村拾光农场,27.459595857532527,733.9236195511735,8.01011067993041,47.54022066221295,120.65062948894705,2.6219
2021-10-15,湖南省长沙市望城区团山湖村拾光农场,19.37678954081065,631.719435732876,8.511593690347514,65.69615080999664,102.30638117989858,2.9179
2021-07-15,湖南省长沙市望城区团山湖村拾光农场,18.398833964896788,876.8164592849778,6.855431924093749,24.449474208215044,117.72128827068268,2.6584
2022-07-15,湖南省长沙市望城区团山湖村拾光农场,30.89720060360644,1122.618033693823,7.573249400925999,81.44700941791507,397.1155248141098,3.0403
2022-10-15,湖南省长沙市望城区团山湖村拾光农场,27.572194170293745,1248.0748307926608,6.262288957854121,54.05184954466254,190.4816986685172,3.8491
2022-07-15,湖南省长沙市望城区团山湖村拾光农场,25.60147815855949,1116.2386028056935,5.74287315318395,71.0392180034353,206.85071451453405,4.0597
2023-07-15,湖南省长沙市望城区团山湖村拾光农场,24.28810257489353,868.9779403680291,7.1219458109522105,35.89890789818896,128.2500598270759,3.3401
2023-10-15,湖南省长沙市望城区团山湖村拾光农场,19.661897853087027,856.1492061458486,8.131571737654756,48.67690021943912,152.06000331413014,2.6901
2023-07-15,湖南省长沙市望城区团山湖村拾光农场,28.11424966173749,2058.213742564209,6.6987945883388536,94.96195266975568,205.54060546283216,3.5258
2013-07-15,湖南省长沙市望城区团山湖村拾光农场,22.74967264260378,488.9146982075175,7.557016282948135,88.4362028654769,219.8647044321162,3.5526
2013-10-15,湖南省长沙市望城区团山湖村拾光农场,25.23490296882371,603.516211759193,6.9714398664948405,49.43810428334572,155.4185879523861,3.3433
2013-07-15,湖南省长沙市望城区团山湖村拾光农场,25.026218498590914,266.49470982038576,6.571880935718875,95.60669128708822,24.09543193513789,3.1348
2014-07-15,湖南省长沙市望城区团山湖村拾光农场,22.00312488523113,1378.2708155534583,7.091415509286386,69.20734227081773,209.7416252622217,4.0592
2014-10-15,湖南省长沙市望城区团山湖村拾光农场,17.027861706028165,1486.9417392381376,4.0,49.76350656682303,59.81718843855117,2.4993
2014-07-15,湖南省长沙市望城区团山湖村拾光农场,31.189081559867308,802.9793059199812,6.532330232795575,67.95511814800257,159.03614957067802,3.2782
2015-07-15,湖南省长沙市望城区团山湖村拾光农场,24.42730077373691,1364.6876701502565,3.5920957146475483,62.71055256402274,156.31671743458068,2.7534
2015-10-15,湖南省长沙市望城区团山湖村拾光农场,31.769361870827066,530.3418179124221,5.778815443148544,58.11803943475334,90.50837753372208,3.1898
2015-07-15,湖南省长沙市望城区团山湖村拾光农场,16.434327354545612,839.5159668602947,5.740493338593551,76.03928518663655,160.98077569868892,3.4689
2016-07-15,湖南省长沙市望城区团山湖村拾光农场,22.65412173947648,908.9358025014072,5.953191910427372,48.26039291120826,132.71063816933295,3.9145
2016-10-15,湖南省长沙市望城区团山湖村拾光农场,36.12375057892537,223.9469233238728,7.866238989965733,44.379494497053855,177.98667581041568,2.0615
2016-07-15,湖南省长沙市望城区团山湖村拾光农场,31.82070214986922,818.1328369777441,7.547351742453051,52.38307194105623,158.12573008319742,2.8387
